date,label,risk_multiplier,rain_anom_30d,dry_frac_30d
2018-01-02,calm_bull,0.9,-1.434,0.7667
2018-01-03,calm_bull,1.0,-1.438,0.8
2018-01-04,calm_bull,1.0,-1.4301,0.8
2018-01-05,calm_bull,1.0,-1.4197,0.8
2018-01-08,calm_bull,1.0,-1.3994,0.8
2018-01-09,calm_bull,1.0,-1.3852,0.7667
2018-01-10,calm_bull,1.0,-1.3796,0.7667
2018-01-11,calm_bull,1.0,-1.3741,0.7667
2018-01-12,calm_bull,1.0,-1.3686,0.7667
2018-01-16,calm_bull,1.0,-1.3476,0.7667
2018-01-17,calm_bull,0.9,-1.3765,0.8
2018-01-18,calm_bull,0.9,-1.3485,0.8
2018-01-19,calm_bull,0.9,-1.3469,0.8
2018-01-22,calm_bull,0.9,-1.3457,0.8
2018-01-23,calm_bull,0.9,-1.349,0.8333
2018-01-24,calm_bull,0.9,-1.3689,0.8333
2018-01-25,calm_bull,0.9,-1.3797,0.8667
2018-01-26,calm_bull,0.9,-1.3765,0.8667
2018-01-29,calm_bull,0.9,-1.3645,0.8667
2018-01-30,calm_bull,0.9,-1.361,0.8667
2018-01-31,calm_bull,0.9,-1.3593,0.8667
2018-02-01,calm_bull,0.9,-1.356,0.8667
2018-02-02,calm_bull,0.9,-1.3522,0.8667
2018-02-05,calm_bull,0.9,-1.3471,0.8667
2018-02-06,calm_bull,0.9,-1.3443,0.8667
2018-02-07,calm_bull,0.9,-1.3398,0.8667
2018-02-08,calm_bull,0.9,-1.3435,0.9
2018-02-09,calm_bull,0.9,-1.339,0.9
2018-02-12,calm_bull,0.9,-1.3259,0.9
2018-02-13,calm_bull,0.9,-1.3229,0.9
2018-02-14,calm_bull,0.9,-1.3207,0.9
2018-02-15,calm_bull,0.9,-1.3194,0.9
2018-02-16,calm_bull,0.9,-1.3182,0.9
2018-02-20,calm_bull,0.9,-1.3482,0.9667
2018-02-21,calm_bull,0.9,-1.3491,0.9667
2018-02-22,calm_bull,0.9,-1.3481,0.9667
2018-02-23,calm_bull,0.9,-1.3519,1.0
2018-02-26,calm_bull,0.9,-1.3528,1.0
2018-02-27,calm_bull,0.9,-1.351,1.0
2018-02-28,calm_bull,0.9,-1.3468,1.0
2018-03-01,calm_bull,0.9,-1.3433,1.0
2018-03-02,calm_bull,0.9,-1.336,1.0
2018-03-05,calm_bull,0.9,-1.332,1.0
2018-03-06,calm_bull,0.9,-1.3309,1.0
2018-03-07,calm_bull,0.9,-1.3307,1.0
2018-03-08,calm_bull,0.9,-1.3305,1.0
2018-03-09,calm_bull,0.9,-1.3295,1.0
2018-03-12,calm_bull,0.9,-1.3289,1.0
2018-03-13,calm_bull,0.9,-1.3287,1.0
2018-03-14,calm_bull,0.9,-1.2948,0.9667
2018-03-15,calm_bull,0.9,-1.24,0.9333
2018-03-16,calm_bull,0.9,-1.2325,0.9
2018-03-19,calm_bull,0.9,-1.2254,0.9
2018-03-20,calm_bull,0.9,-1.1549,0.8667
2018-03-21,calm_bull,0.9,-1.1508,0.8667
2018-03-22,calm_bull,0.9,-1.1514,0.8667
2018-03-23,calm_bull,0.9,-1.152,0.8667
2018-03-26,calm_bull,0.9,-1.1591,0.8667
2018-03-27,calm_bull,0.9,-1.1598,0.8667
2018-03-28,calm_bull,0.9,-1.1605,0.8667
2018-03-29,calm_bull,0.9,-1.1613,0.8667
2018-04-02,calm_bull,0.9,-1.1694,0.8667
2018-04-03,calm_bull,0.9,-1.1674,0.8667
2018-04-04,calm_bull,0.9,-1.1652,0.8667
2018-04-05,calm_bull,0.9,-1.1635,0.8667
2018-04-06,calm_bull,0.9,-1.1608,0.8667
2018-04-09,calm_bull,0.9,-1.1468,0.8667
2018-04-10,calm_bull,0.9,-1.1434,0.8667
2018-04-11,calm_bull,0.9,-1.1393,0.8667
2018-04-12,calm_bull,0.9,-1.1367,0.8667
2018-04-13,calm_bull,0.9,-1.1676,0.9
2018-04-16,calm_bull,0.9,-1.2268,0.9667
2018-04-17,calm_bull,0.9,-1.2236,0.9667
2018-04-18,calm_bull,0.9,-1.2221,0.9667
2018-04-19,calm_bull,0.9,-1.2931,1.0
2018-04-20,calm_bull,0.9,-1.2941,1.0
2018-04-23,calm_bull,0.9,-1.2816,1.0
2018-04-24,calm_bull,0.9,-1.2423,0.9667
2018-04-25,calm_bull,0.9,-1.1197,0.9333
2018-04-26,calm_bull,0.9,-1.0858,0.9
2018-04-27,calm_bull,0.9,-1.0801,0.9
2018-04-30,calm_bull,0.9,-0.9945,0.8333
2018-05-01,calm_bull,0.9,-0.9346,0.8
2018-05-02,calm_bull,0.9,-0.928,0.8
2018-05-03,calm_bull,0.9,-0.9238,0.8
2018-05-04,calm_bull,0.9,-0.8683,0.7667
2018-05-07,calm_bull,0.9,-0.4617,0.6667
2018-05-08,calm_bull,0.9,-0.4376,0.6333
2018-05-09,calm_bull,0.9,-0.4141,0.6
2018-05-10,calm_bull,0.9,-0.4109,0.6
2018-05-11,calm_bull,0.9,-0.41,0.6
2018-05-14,calm_bull,0.9,-0.3916,0.5667
2018-05-15,calm_bull,0.9,-0.3733,0.5333
2018-05-16,calm_bull,0.9,-0.3571,0.5
2018-05-17,calm_bull,0.9,-0.255,0.4667
2018-05-18,calm_bull,0.9,-0.2322,0.4333
2018-05-21,calm_bull,0.9,-0.1728,0.3667
2018-05-22,calm_bull,0.9,-0.1325,0.3333
2018-05-23,calm_bull,0.9,-0.1203,0.3
2018-05-24,calm_bull,0.9,-0.0559,0.3
2018-05-25,calm_bull,0.9,-0.168,0.3333
2018-05-29,calm_bull,0.9,-0.1121,0.3
2018-05-30,calm_bull,0.9,-0.1201,0.3
2018-05-31,calm_bull,0.9,-0.1521,0.3
2018-06-01,calm_bull,0.9,-0.0907,0.2667
2018-06-04,calm_bull,0.9,0.2404,0.2333
2018-06-05,calm_bull,0.9,0.1034,0.2333
2018-06-06,calm_bull,0.9,0.0377,0.2333
2018-06-07,calm_bull,0.9,0.1125,0.2333
2018-06-08,calm_bull,0.9,0.2025,0.2333
2018-06-11,calm_bull,0.9,0.4629,0.1333
2018-06-12,calm_bull,0.9,0.4885,0.1333
2018-06-13,calm_bull,0.9,0.4986,0.1333
2018-06-14,calm_bull,0.9,0.4903,0.1667
2018-06-15,calm_bull,0.9,0.5431,0.1667
2018-06-18,calm_bull,0.9,0.5533,0.1667
2018-06-19,calm_bull,0.9,0.5713,0.1333
2018-06-20,calm_bull,0.9,0.5814,0.1333
2018-06-21,calm_bull,0.9,0.5461,0.1667
2018-06-22,calm_bull,0.9,0.6133,0.1667
2018-06-25,calm_bull,0.9,0.568,0.1667
2018-06-26,calm_bull,0.9,0.6437,0.1333
2018-06-27,calm_bull,0.9,0.7136,0.1333
2018-06-28,calm_bull,0.9,0.7427,0.1333
2018-06-29,calm_bull,0.9,0.7364,0.1333
2018-07-02,calm_bull,1.0,0.5826,0.1333
2018-07-03,calm_bull,1.0,0.3849,0.1333
2018-07-05,calm_bull,1.0,0.2453,0.1333
2018-07-06,calm_bull,1.0,0.2937,0.1333
2018-07-09,calm_bull,0.9,0.4582,0.1333
2018-07-10,calm_bull,0.9,0.6242,0.1333
2018-07-11,calm_bull,1.0,0.6797,0.1333
2018-07-12,calm_bull,1.0,0.6621,0.1333
2018-07-13,calm_bull,1.0,0.7484,0.1
2018-07-16,calm_bull,1.0,1.0153,0.0667
2018-07-17,calm_bull,1.0,0.9552,0.0667
2018-07-18,calm_bull,1.0,1.0682,0.0667
2018-07-19,calm_bull,1.0,1.1344,0.0667
2018-07-20,calm_bull,0.9,1.1507,0.0667
2018-07-23,calm_bull,0.9,1.3726,0.0333
2018-07-24,calm_bull,0.9,1.4189,0.0
2018-07-25,calm_bull,0.9,1.4379,0.0
2018-07-26,calm_bull,0.9,1.424,0.0
2018-07-27,calm_bull,0.9,1.3674,0.0
2018-07-30,calm_bull,0.9,1.5682,0.0
2018-07-31,calm_bull,0.9,1.5874,0.0
2018-08-01,calm_bull,0.9,1.5879,0.0333
2018-08-02,calm_bull,0.9,1.6201,0.0333
2018-08-03,calm_bull,0.9,1.6154,0.0333
2018-08-06,calm_bull,0.9,2.0747,0.0333
2018-08-07,calm_bull,0.9,2.0138,0.0333
2018-08-08,calm_bull,0.9,1.9091,0.0333
2018-08-09,calm_bull,0.9,1.7501,0.0333
2018-08-10,calm_bull,0.9,1.6055,0.0333
2018-08-13,calm_bull,0.9,1.4253,0.0333
2018-08-14,calm_bull,0.9,1.3362,0.0333
2018-08-15,calm_bull,1.0,1.3971,0.0333
2018-08-16,calm_bull,1.0,1.3618,0.0333
2018-08-17,calm_bull,1.0,1.241,0.0333
2018-08-20,calm_bull,1.0,1.166,0.0333
2018-08-21,calm_bull,0.9,1.2135,0.0333
2018-08-22,calm_bull,0.9,1.0939,0.0333
2018-08-23,calm_bull,0.9,1.0711,0.0333
2018-08-24,crisis,0.36,0.9956,0.0333
2018-08-27,crisis,0.4,1.0929,0.0333
2018-08-28,crisis,0.36,1.0486,0.0667
2018-08-29,crisis,0.36,0.8957,0.0667
2018-08-30,crisis,0.36,0.8469,0.0667
2018-08-31,crisis,0.36,0.8471,0.0667
2018-09-04,crisis,0.36,0.7116,0.0667
2018-09-05,crisis,0.4,0.48,0.0667
2018-09-06,crisis,0.36,0.4798,0.0667
2018-09-07,crisis,0.4,0.4031,0.0667
2018-09-10,crisis,0.36,0.5489,0.0667
2018-09-11,crisis,0.36,0.6045,0.0667
2018-09-12,crisis,0.36,0.6441,0.0667
2018-09-13,crisis,0.36,0.7504,0.0667
2018-09-14,crisis,0.36,0.6931,0.0667
2018-09-17,crisis,0.36,0.915,0.0667
2018-09-18,crisis,0.36,1.0175,0.0667
2018-09-19,crisis,0.36,1.0717,0.0667
2018-09-20,crisis,0.4,0.9061,0.0667
2018-09-21,crisis,0.4,0.9867,0.0667
2018-09-24,crisis,0.4,1.1801,0.0667
2018-09-25,crisis,0.4,1.1402,0.0667
2018-09-26,crisis,0.4,0.9526,0.0667
2018-09-27,crisis,0.4,0.9682,0.0333
2018-09-28,crisis,0.4,0.9871,0.0333
2018-10-01,crisis,0.4,0.9805,0.0333
2018-10-02,crisis,0.4,1.0429,0.0333
2018-10-03,crisis,0.4,1.1558,0.0333
2018-10-04,crisis,0.4,1.1837,0.0333
2018-10-05,crisis,0.4,1.1461,0.0333
2018-10-08,euphoric,0.85,0.8984,0.1333
2018-10-09,euphoric,0.85,0.7662,0.1667
2018-10-10,euphoric,0.85,0.7266,0.2
2018-10-11,euphoric,0.85,0.6254,0.2333
2018-10-12,euphoric,0.765,0.5452,0.2667
2018-10-15,euphoric,0.765,0.3395,0.3333
2018-10-16,euphoric,0.765,0.2971,0.3667
2018-10-17,euphoric,0.765,0.0909,0.3667
2018-10-18,euphoric,0.765,-0.0308,0.4
2018-10-19,euphoric,0.765,-0.1111,0.4333
2018-10-22,euphoric,0.765,-0.3603,0.5333
2018-10-23,euphoric,0.765,-0.477,0.5667
2018-10-24,euphoric,0.765,-0.5104,0.6
2018-10-25,euphoric,0.765,-0.5195,0.6333
2018-10-26,euphoric,0.765,-0.5383,0.6667
2018-10-29,euphoric,0.765,-0.5852,0.7333
2018-10-30,euphoric,0.85,-0.6043,0.7667
2018-10-31,euphoric,0.85,-0.6482,0.8
2018-11-01,euphoric,0.765,-0.7786,0.8333
2018-11-02,euphoric,0.765,-1.013,0.8667
2018-11-05,euphoric,0.765,-1.1581,0.9333
2018-11-06,euphoric,0.85,-1.152,0.9333
2018-11-07,euphoric,0.765,-1.122,0.9
2018-11-08,euphoric,0.765,-1.1161,0.9
2018-11-09,euphoric,0.85,-1.1145,0.9
2018-11-12,euphoric,0.85,-1.1018,0.9
2018-11-13,euphoric,0.85,-1.1073,0.9333
2018-11-14,euphoric,0.85,-1.1012,0.9333
2018-11-15,euphoric,0.85,-1.0952,0.9333
2018-11-16,euphoric,0.85,-1.1086,0.9667
2018-11-19,euphoric,0.85,-0.5994,0.9
2018-11-20,euphoric,0.85,-0.5955,0.9
2018-11-21,euphoric,0.85,-0.5986,0.9
2018-11-23,euphoric,0.85,-0.5766,0.8667
2018-11-26,euphoric,0.85,-0.2186,0.7667
2018-11-27,euphoric,0.85,-0.2073,0.7333
2018-11-28,euphoric,0.85,-0.2049,0.7333
2018-11-29,crisis,0.4,-0.2016,0.7333
2018-11-30,crisis,0.36,-0.1984,0.7333
2018-12-03,crisis,0.36,-0.1876,0.7333
2018-12-04,crisis,0.36,-0.1874,0.7333
2018-12-06,crisis,0.36,-0.1847,0.7333
2018-12-07,crisis,0.36,-0.209,0.7667
2018-12-10,crisis,0.36,-0.2085,0.7667
2018-12-11,crisis,0.36,-0.2084,0.7667
2018-12-12,crisis,0.36,-0.2083,0.7667
2018-12-13,crisis,0.36,-0.2081,0.7667
2018-12-14,crisis,0.36,-0.2044,0.7667
2018-12-17,crisis,0.36,-0.4356,0.8
2018-12-18,crisis,0.36,-0.7164,0.8333
2018-12-19,crisis,0.36,-0.7147,0.8333
2018-12-20,crisis,0.36,-0.7151,0.8333
2018-12-21,crisis,0.36,-0.7156,0.8333
2018-12-24,crisis,0.36,-1.0089,0.8333
2018-12-26,crisis,0.36,-1.0038,0.8667
2018-12-27,crisis,0.36,-0.8819,0.8667
2018-12-28,crisis,0.36,-0.8732,0.8667
2018-12-31,crisis,0.36,-0.8634,0.8667
2019-01-02,crisis,0.36,-0.8498,0.8333
2019-01-03,crisis,0.4,-0.8503,0.8333
2019-01-04,crisis,0.4,-0.849,0.8333
2019-01-07,crisis,0.4,-0.8505,0.8333
2019-01-08,crisis,0.4,-0.8419,0.8
2019-01-09,crisis,0.4,-0.8424,0.8
2019-01-10,crisis,0.4,-0.842,0.8
2019-01-11,crisis,0.4,-0.8425,0.8
2019-01-14,crisis,0.4,-0.8512,0.8
2019-01-15,crisis,0.4,-0.7866,0.7667
2019-01-16,crisis,0.4,-0.7873,0.7667
2019-01-17,crisis,0.4,-0.7881,0.7667
2019-01-18,crisis,0.4,-0.7881,0.7667
2019-01-22,crisis,0.4,-0.8024,0.8
2019-01-23,crisis,0.4,-0.8177,0.8333
2019-01-24,crisis,0.4,-0.8186,0.8333
2019-01-25,calm_bull,1.0,-0.8839,0.8667
2019-01-28,calm_bull,1.0,-1.0263,0.9
2019-01-29,calm_bull,1.0,-1.0273,0.9
2019-01-30,calm_bull,1.0,-1.0337,0.9
2019-01-31,calm_bull,1.0,-1.0355,0.9
2019-02-01,calm_bull,1.0,-1.0492,0.9333
2019-02-04,calm_bull,1.0,-1.0508,0.9333
2019-02-05,calm_bull,1.0,-1.0508,0.9333
2019-02-06,calm_bull,1.0,-1.0526,0.9333
2019-02-07,calm_bull,1.0,-1.0616,0.9667
2019-02-08,calm_bull,1.0,-1.0615,0.9667
2019-02-11,calm_bull,1.0,-1.0624,0.9667
2019-02-12,calm_bull,1.0,-1.0569,0.9667
2019-02-13,calm_bull,1.0,-1.0569,0.9667
2019-02-14,calm_bull,1.0,-1.1222,1.0
2019-02-15,crisis,0.4,-1.1218,1.0
2019-02-19,crisis,0.4,-1.1171,1.0
2019-02-20,crisis,0.4,-1.1169,1.0
2019-02-21,crisis,0.4,-1.1168,1.0
2019-02-22,crisis,0.4,-1.1167,1.0
2019-02-25,crisis,0.4,-1.1166,1.0
2019-02-26,crisis,0.36,-1.1165,1.0
2019-02-27,crisis,0.4,-1.1165,1.0
2019-02-28,crisis,0.4,-1.1165,1.0
2019-03-01,crisis,0.4,-1.1165,1.0
2019-03-04,crisis,0.36,-1.1163,1.0
2019-03-05,crisis,0.4,-1.1162,1.0
2019-03-06,crisis,0.4,-1.1161,1.0
2019-03-07,crisis,0.36,-1.1151,1.0
2019-03-08,crisis,0.4,-1.1142,1.0
2019-03-11,crisis,0.36,-1.104,1.0
2019-03-12,crisis,0.36,-1.0823,0.9667
2019-03-13,crisis,0.4,-1.0742,0.9667
2019-03-14,crisis,0.4,-1.0798,0.9667
2019-03-15,crisis,0.4,-1.0797,0.9667
2019-03-18,crisis,0.4,-1.071,0.9667
2019-03-19,crisis,0.4,-1.0705,0.9667
2019-03-20,crisis,0.4,-1.0709,0.9667
2019-03-21,crisis,0.4,-1.0735,0.9667
2019-03-22,crisis,0.4,-1.0653,0.9667
2019-03-25,crisis,0.4,-1.0542,0.9667
2019-03-26,crisis,0.4,-1.0533,0.9667
2019-03-27,crisis,0.4,-1.0525,0.9667
2019-03-28,crisis,0.4,-1.0516,0.9667
2019-03-29,crisis,0.4,-0.9966,0.9333
2019-04-01,crisis,0.36,-0.9146,0.8667
2019-04-02,crisis,0.36,-0.9145,0.8667
2019-04-03,crisis,0.4,-0.9099,0.8667
2019-04-04,crisis,0.4,-0.8982,0.8333
2019-04-05,crisis,0.4,-0.8982,0.8333
2019-04-08,crisis,0.4,-0.9008,0.8333
2019-04-09,crisis,0.4,-0.9044,0.8333
2019-04-10,crisis,0.4,-0.907,0.8333
2019-04-11,crisis,0.36,-0.9231,0.8667
2019-04-12,crisis,0.36,-0.8698,0.8333
2019-04-15,crisis,0.36,-0.7281,0.7333
2019-04-16,crisis,0.36,-0.7194,0.7
2019-04-17,crisis,0.36,-0.5601,0.6667
2019-04-18,crisis,0.36,-0.5547,0.6667
2019-04-22,crisis,0.36,-0.5101,0.6
2019-04-23,crisis,0.36,-0.5206,0.6
2019-04-24,crisis,0.36,-0.523,0.6
2019-04-25,crisis,0.36,-0.5251,0.6
2019-04-26,crisis,0.36,-0.5267,0.6
2019-04-29,crisis,0.36,-0.6433,0.6333
2019-04-30,crisis,0.36,-0.6022,0.6333
2019-05-01,crisis,0.36,-0.5756,0.6
2019-05-02,crisis,0.36,-0.4427,0.5667
2019-05-03,crisis,0.36,-0.4309,0.5333
2019-05-06,crisis,0.36,-0.3797,0.4667
2019-05-07,crisis,0.36,-0.2768,0.4333
2019-05-08,crisis,0.36,-0.2225,0.4
2019-05-09,crisis,0.36,-0.0866,0.3667
2019-05-10,crisis,0.36,0.2378,0.3333
2019-05-13,crisis,0.36,0.3905,0.3333
2019-05-14,crisis,0.4,0.2891,0.3667
2019-05-15,crisis,0.4,0.3842,0.3667
2019-05-16,crisis,0.4,0.4231,0.3667
2019-05-17,crisis,0.4,0.2723,0.3667
2019-05-20,crisis,0.4,0.2413,0.4
2019-05-21,crisis,0.4,0.3324,0.3667
2019-05-22,crisis,0.4,0.373,0.3333
2019-05-23,crisis,0.4,0.3906,0.3
2019-05-24,crisis,0.4,0.4321,0.2667
2019-05-28,calm_bull,1.0,0.657,0.1667
2019-05-29,calm_bull,1.0,0.7805,0.1333
2019-05-30,calm_bull,1.0,0.8511,0.1333
2019-05-31,calm_bull,0.9,0.8584,0.1333
2019-06-03,calm_bull,0.9,0.9347,0.1333
2019-06-04,calm_bull,0.9,0.9728,0.1333
2019-06-05,euphoric,0.765,0.9734,0.1333
2019-06-06,euphoric,0.765,1.0233,0.1333
2019-06-07,euphoric,0.765,1.0788,0.1333
2019-06-10,euphoric,0.765,0.5385,0.1333
2019-06-11,euphoric,0.85,0.4531,0.1333
2019-06-12,euphoric,0.85,0.4876,0.1
2019-06-13,euphoric,0.85,0.5004,0.0667
2019-06-14,euphoric,0.85,0.3883,0.0667
2019-06-17,euphoric,0.85,0.4378,0.0333
2019-06-18,euphoric,0.85,0.4901,0.0
2019-06-19,euphoric,0.85,0.4814,0.0
2019-06-20,euphoric,0.765,0.4083,0.0
2019-06-21,euphoric,0.85,0.3881,0.0
2019-06-24,euphoric,0.765,0.6176,0.0333
2019-06-25,euphoric,0.765,0.6166,0.0333
2019-06-26,euphoric,0.765,0.6322,0.0333
2019-06-27,euphoric,0.765,0.5559,0.0333
2019-06-28,euphoric,0.765,0.4637,0.0333
2019-07-01,euphoric,0.765,0.6101,0.0333
2019-07-02,euphoric,0.765,0.6862,0.0333
2019-07-03,euphoric,0.765,0.6613,0.0333
2019-07-05,euphoric,0.765,0.621,0.0333
2019-07-08,euphoric,0.85,0.4577,0.0333
2019-07-09,euphoric,0.85,0.5086,0.0333
2019-07-10,euphoric,0.85,0.5103,0.0333
2019-07-11,euphoric,0.85,0.5504,0.0333
2019-07-12,euphoric,0.85,0.5355,0.0333
2019-07-15,euphoric,0.765,0.5614,0.0667
2019-07-16,euphoric,0.765,0.7646,0.0667
2019-07-17,euphoric,0.765,0.7314,0.0667
2019-07-18,euphoric,0.765,0.722,0.0667
2019-07-19,euphoric,0.765,0.7282,0.0667
2019-07-22,euphoric,0.85,0.5437,0.0667
2019-07-23,euphoric,0.85,0.5332,0.0667
2019-07-24,euphoric,0.85,0.5952,0.0333
2019-07-25,euphoric,0.85,0.7563,0.0333
2019-07-26,euphoric,0.85,0.8154,0.0333
2019-07-29,euphoric,0.85,1.0054,0.0333
2019-07-30,euphoric,0.85,1.0186,0.0333
2019-07-31,euphoric,0.85,0.9816,0.0333
2019-08-01,crisis,0.4,0.7515,0.0333
2019-08-02,crisis,0.4,0.7175,0.0333
2019-08-05,crisis,0.4,1.0154,0.0333
2019-08-06,crisis,0.4,1.4358,0.0333
2019-08-07,crisis,0.4,1.757,0.0333
2019-08-08,crisis,0.4,1.8253,0.0333
2019-08-09,crisis,0.4,1.9291,0.0333
2019-08-12,crisis,0.36,1.9374,0.0
2019-08-13,crisis,0.4,1.9525,0.0
2019-08-14,crisis,0.4,1.9845,0.0
2019-08-15,crisis,0.4,1.7664,0.0
2019-08-16,crisis,0.36,1.7706,0.0
2019-08-19,crisis,0.36,1.7053,0.0
2019-08-20,crisis,0.36,1.8882,0.0
2019-08-21,crisis,0.36,1.9,0.0
2019-08-22,crisis,0.4,1.8939,0.0
2019-08-23,crisis,0.36,1.9178,0.0
2019-08-26,crisis,0.4,1.7792,0.0
2019-08-27,crisis,0.4,1.7017,0.0
2019-08-28,crisis,0.4,1.7618,0.0
2019-08-29,crisis,0.36,1.8055,0.0
2019-08-30,crisis,0.4,1.6361,0.0333
2019-09-03,crisis,0.36,1.9291,0.0333
2019-09-04,crisis,0.4,1.9477,0.0333
2019-09-05,crisis,0.4,1.5349,0.0333
2019-09-06,crisis,0.4,1.226,0.0333
2019-09-09,crisis,0.4,1.2367,0.0333
2019-09-10,crisis,0.4,1.3014,0.0333
2019-09-11,crisis,0.4,1.3344,0.0333
2019-09-12,crisis,0.4,1.5455,0.0333
2019-09-13,crisis,0.4,2.0573,0.0333
2019-09-16,calm_bull,1.0,2.0983,0.0333
2019-09-17,calm_bull,1.0,2.6863,0.0333
2019-09-18,calm_bull,1.0,2.6973,0.0333
2019-09-19,calm_bull,1.0,2.5118,0.0333
2019-09-20,calm_bull,1.0,2.486,0.0333
2019-09-23,calm_bull,1.0,2.5501,0.0333
2019-09-24,calm_bull,1.0,2.5102,0.0667
2019-09-25,calm_bull,1.0,2.4902,0.0667
2019-09-26,calm_bull,1.0,2.445,0.1
2019-09-27,calm_bull,1.0,2.2658,0.1
2019-09-30,calm_bull,1.0,2.0717,0.1
2019-10-01,calm_bull,1.0,1.9008,0.1
2019-10-02,calm_bull,1.0,1.6982,0.1
2019-10-03,calm_bull,1.0,2.1404,0.1
2019-10-04,calm_bull,1.0,2.0504,0.1
2019-10-07,calm_bull,1.0,1.9056,0.1667
2019-10-08,calm_bull,1.0,1.7478,0.2
2019-10-09,calm_bull,1.0,1.6909,0.2333
2019-10-10,calm_bull,1.0,1.6083,0.2667
2019-10-11,calm_bull,1.0,1.5684,0.2667
2019-10-14,calm_bull,1.0,0.786,0.3333
2019-10-15,calm_bull,1.0,0.7204,0.3667
2019-10-16,calm_bull,1.0,0.7034,0.4
2019-10-17,calm_bull,1.0,0.1579,0.4333
2019-10-18,calm_bull,0.9,0.1234,0.4333
2019-10-21,calm_bull,0.9,-0.1294,0.5333
2019-10-22,calm_bull,0.9,-0.3558,0.5667
2019-10-23,calm_bull,0.9,-0.3656,0.6
2019-10-24,calm_bull,0.9,-0.3655,0.6
2019-10-25,calm_bull,0.9,-0.374,0.6333
2019-10-28,calm_bull,1.0,-0.3955,0.7
2019-10-29,calm_bull,0.9,-0.3932,0.7
2019-10-30,calm_bull,0.9,0.0299,0.7
2019-10-31,calm_bull,1.0,0.1057,0.7
2019-11-01,calm_bull,1.0,0.1015,0.7
2019-11-04,calm_bull,1.0,-0.3917,0.7333
2019-11-05,calm_bull,1.0,-0.3992,0.7333
2019-11-06,calm_bull,1.0,-0.4007,0.7333
2019-11-07,calm_bull,1.0,-0.3996,0.7333
2019-11-08,calm_bull,1.0,-0.4019,0.7333
2019-11-11,calm_bull,1.0,0.3618,0.7
2019-11-12,calm_bull,1.0,0.3601,0.7
2019-11-13,calm_bull,1.0,0.3559,0.7
2019-11-14,calm_bull,1.0,0.349,0.7
2019-11-15,calm_bull,1.0,0.342,0.7
2019-11-18,calm_bull,1.0,0.3182,0.7333
2019-11-19,calm_bull,1.0,0.3157,0.7333
2019-11-20,calm_bull,1.0,0.3132,0.7333
2019-11-21,euphoric,0.765,0.3107,0.7333
2019-11-22,euphoric,0.765,0.3081,0.7333
2019-11-25,euphoric,0.765,0.2995,0.7333
2019-11-26,euphoric,0.765,0.2951,0.7333
2019-11-27,euphoric,0.765,0.2934,0.7333
2019-11-29,euphoric,0.765,-0.1497,0.7667
2019-12-02,euphoric,0.765,-0.3692,0.8667
2019-12-03,euphoric,0.765,-0.3821,0.9
2019-12-04,euphoric,0.765,-0.3845,0.9
2019-12-05,euphoric,0.765,-0.3852,0.9
2019-12-06,euphoric,0.765,-0.3859,0.9
2019-12-09,euphoric,0.765,-0.456,0.9333
2019-12-10,euphoric,0.765,-1.0415,0.9667
2019-12-11,euphoric,0.765,-1.2008,1.0
2019-12-12,euphoric,0.765,-1.198,1.0
2019-12-13,euphoric,0.765,-1.1978,1.0
2019-12-16,euphoric,0.765,-1.1809,1.0
2019-12-17,euphoric,0.765,-1.179,1.0
2019-12-18,euphoric,0.765,-1.1764,1.0
2019-12-19,euphoric,0.765,-1.1742,1.0
2019-12-20,euphoric,0.765,-1.172,1.0
2019-12-23,euphoric,0.765,-1.1656,1.0
2019-12-24,euphoric,0.765,-1.1635,1.0
2019-12-26,euphoric,0.765,-1.1633,1.0
2019-12-27,euphoric,0.765,-1.1627,1.0
2019-12-30,euphoric,0.765,-1.1664,1.0
2019-12-31,euphoric,0.765,-1.1651,1.0
2020-01-02,euphoric,0.765,-1.1606,1.0
2020-01-03,euphoric,0.765,-1.16,1.0
2020-01-06,euphoric,0.765,-1.1556,1.0
2020-01-07,euphoric,0.765,-1.1542,1.0
2020-01-08,euphoric,0.765,-1.1527,1.0
2020-01-09,euphoric,0.85,-1.1512,1.0
2020-01-10,euphoric,0.85,-1.1497,1.0
2020-01-13,euphoric,0.85,-1.1453,1.0
2020-01-14,euphoric,0.85,-1.1438,1.0
2020-01-15,euphoric,0.85,-1.1457,1.0
2020-01-16,euphoric,0.85,-1.1439,1.0
2020-01-17,euphoric,0.85,-1.1422,1.0
2020-01-21,euphoric,0.85,-1.1359,1.0
2020-01-22,crisis,0.36,-1.1341,1.0
2020-01-23,crisis,0.4,-1.1324,1.0
2020-01-24,crisis,0.36,-1.1307,1.0
2020-01-27,crisis,0.36,-1.1247,1.0
2020-01-28,crisis,0.36,-1.1241,1.0
2020-01-29,crisis,0.36,-1.1102,0.9667
2020-01-30,crisis,0.36,-1.1098,0.9667
2020-01-31,crisis,0.36,-1.111,0.9667
2020-02-03,crisis,0.36,-1.1099,0.9667
2020-02-04,crisis,0.36,-1.1095,0.9667
2020-02-05,crisis,0.36,-1.1092,0.9667
2020-02-06,crisis,0.36,-1.1089,0.9667
2020-02-07,crisis,0.36,-1.1085,0.9667
2020-02-10,crisis,0.36,-1.1077,0.9667
2020-02-11,crisis,0.36,-1.1074,0.9667
2020-02-12,crisis,0.36,-1.1038,0.9667
2020-02-13,crisis,0.36,-1.0961,0.9667
2020-02-14,crisis,0.36,-1.0925,0.9667
2020-02-18,crisis,0.36,-1.0898,0.9667
2020-02-19,crisis,0.36,-1.09,0.9667
2020-02-20,crisis,0.36,-1.0901,0.9667
2020-02-21,crisis,0.4,-1.0903,0.9667
2020-02-24,crisis,0.36,-1.0907,0.9667
2020-02-25,crisis,0.36,-1.0925,0.9667
2020-02-26,crisis,0.36,-1.0935,0.9667
2020-02-27,crisis,0.36,-1.0936,0.9667
2020-02-28,crisis,0.4,-1.1071,1.0
2020-03-02,crisis,0.4,-1.1072,1.0
2020-03-03,crisis,0.36,-1.1073,1.0
2020-03-04,crisis,0.36,-1.1073,1.0
2020-03-05,crisis,0.4,-1.1074,1.0
2020-03-06,euphoric,0.85,-1.1074,1.0
2020-03-09,euphoric,0.85,-1.1059,1.0
2020-03-10,euphoric,0.765,-1.1042,1.0
2020-03-11,euphoric,0.85,-1.1042,1.0
2020-03-12,euphoric,0.85,-1.1041,1.0
2020-03-13,euphoric,0.85,-1.1073,1.0
2020-03-16,euphoric,0.765,-1.1175,1.0
2020-03-17,euphoric,0.765,-1.1206,1.0
2020-03-18,euphoric,0.85,-1.1203,1.0
2020-03-19,euphoric,0.765,-1.1192,1.0
2020-03-20,euphoric,0.765,-1.1189,1.0
2020-03-23,euphoric,0.765,-1.1181,1.0
2020-03-24,euphoric,0.765,-1.1177,1.0
2020-03-25,euphoric,0.765,-1.1174,1.0
2020-03-26,euphoric,0.765,-1.1171,1.0
2020-03-27,euphoric,0.765,-1.1167,1.0
2020-03-30,euphoric,0.765,-1.0951,0.9667
2020-03-31,euphoric,0.765,-1.0891,0.9667
2020-04-01,crisis,0.4,-1.0883,0.9667
2020-04-02,euphoric,0.765,-1.0874,0.9667
2020-04-03,euphoric,0.765,-1.0865,0.9667
2020-04-06,euphoric,0.765,-1.0836,0.9667
2020-04-07,euphoric,0.765,-1.0636,0.9333
2020-04-08,euphoric,0.765,-0.9966,0.9
2020-04-09,euphoric,0.765,-0.9961,0.9
2020-04-13,euphoric,0.765,-0.9163,0.8333
2020-04-14,euphoric,0.765,-0.9156,0.8333
2020-04-15,euphoric,0.765,-0.9149,0.8333
2020-04-16,euphoric,0.765,-0.914,0.8333
2020-04-17,euphoric,0.85,-0.9068,0.8333
2020-04-20,crisis,0.4,-0.8685,0.8
2020-04-21,crisis,0.4,-0.867,0.8
2020-04-22,crisis,0.4,-0.8656,0.8
2020-04-23,crisis,0.36,-0.8641,0.8
2020-04-24,crisis,0.36,-0.8619,0.8
2020-04-27,crisis,0.36,-0.8675,0.8333
2020-04-28,crisis,0.36,-0.8662,0.8333
2020-04-29,crisis,0.36,-0.8692,0.8333
2020-04-30,crisis,0.36,-0.8696,0.8333
2020-05-01,crisis,0.36,-0.8683,0.8333
2020-05-04,crisis,0.36,-0.8603,0.8333
2020-05-05,crisis,0.36,-0.8494,0.8
2020-05-06,crisis,0.36,-0.8312,0.7667
2020-05-07,crisis,0.36,-0.8412,0.8
2020-05-08,crisis,0.36,-0.8982,0.8333
2020-05-11,crisis,0.36,-0.9431,0.8667
2020-05-12,crisis,0.36,-0.9346,0.8667
2020-05-13,crisis,0.36,-0.9456,0.9
2020-05-14,crisis,0.36,-0.9396,0.9
2020-05-15,crisis,0.36,-0.9255,0.8667
2020-05-18,crisis,0.36,-0.7607,0.7667
2020-05-19,crisis,0.36,-0.6569,0.7667
2020-05-20,crisis,0.36,-0.5649,0.7333
2020-05-21,crisis,0.36,-0.56,0.7333
2020-05-22,crisis,0.36,-0.5461,0.7
2020-05-26,crisis,0.36,-0.1317,0.5667
2020-05-27,crisis,0.36,-0.0665,0.5333
2020-05-28,crisis,0.36,0.0142,0.5
2020-05-29,crisis,0.36,0.6024,0.4667
2020-06-01,crisis,0.36,0.8289,0.3667
2020-06-02,crisis,0.36,0.9545,0.3333
2020-06-03,crisis,0.36,0.9943,0.3
2020-06-04,crisis,0.36,1.0124,0.3
2020-06-05,crisis,0.36,1.0222,0.3
2020-06-08,crisis,0.36,1.0696,0.2333
2020-06-09,crisis,0.36,1.0866,0.2
2020-06-10,crisis,0.36,1.5203,0.1667
2020-06-11,crisis,0.36,1.5266,0.1333
2020-06-12,crisis,0.36,1.6086,0.1
2020-06-15,crisis,0.36,1.8723,0.0667
2020-06-16,crisis,0.36,1.8587,0.0667
2020-06-17,crisis,0.36,1.8315,0.0667
2020-06-18,crisis,0.36,1.7271,0.0667
2020-06-19,crisis,0.36,1.651,0.0667
2020-06-22,crisis,0.36,1.6372,0.0333
2020-06-23,crisis,0.36,1.6007,0.0667
2020-06-24,crisis,0.36,1.5447,0.0667
2020-06-25,crisis,0.36,1.5381,0.0667
2020-06-26,crisis,0.36,1.5028,0.0667
2020-06-29,crisis,0.36,1.0774,0.0667
2020-06-30,crisis,0.36,1.0429,0.0667
2020-07-01,crisis,0.4,1.0843,0.0667
2020-07-02,crisis,0.4,1.035,0.0667
2020-07-06,crisis,0.36,1.241,0.0667
2020-07-07,crisis,0.36,1.3394,0.0667
2020-07-08,crisis,0.36,1.3394,0.0333
2020-07-09,crisis,0.36,1.3655,0.0333
2020-07-10,crisis,0.36,1.0449,0.0333
2020-07-13,crisis,0.36,0.9673,0.0667
2020-07-14,crisis,0.36,0.8801,0.0667
2020-07-15,crisis,0.36,0.7663,0.0667
2020-07-16,crisis,0.36,0.8204,0.0667
2020-07-17,crisis,0.4,0.8227,0.0667
2020-07-20,crisis,0.36,1.0706,0.0667
2020-07-21,crisis,0.4,1.0372,0.0667
2020-07-22,crisis,0.4,1.0105,0.0667
2020-07-23,crisis,0.36,1.1428,0.0333
2020-07-24,crisis,0.36,1.1178,0.0667
2020-07-27,crisis,0.36,1.0305,0.0667
2020-07-28,euphoric,0.765,1.1476,0.0667
2020-07-29,euphoric,0.85,1.204,0.0667
2020-07-30,euphoric,0.765,1.3559,0.0667
2020-07-31,euphoric,0.765,1.5982,0.0667
2020-08-03,euphoric,0.765,1.6331,0.0667
2020-08-04,euphoric,0.765,1.6394,0.0667
2020-08-05,euphoric,0.765,1.6164,0.0667
2020-08-06,euphoric,0.765,1.7268,0.0667
2020-08-07,euphoric,0.765,1.7573,0.0667
2020-08-10,euphoric,0.765,1.7714,0.1
2020-08-11,euphoric,0.85,1.8107,0.0667
2020-08-12,euphoric,0.765,1.7922,0.0667
2020-08-13,euphoric,0.765,1.8338,0.0667
2020-08-14,euphoric,0.765,1.8465,0.0667
2020-08-17,euphoric,0.765,1.4727,0.1
2020-08-18,euphoric,0.765,1.5244,0.1
2020-08-19,euphoric,0.765,1.5713,0.1
2020-08-20,euphoric,0.85,1.5651,0.1
2020-08-21,euphoric,0.765,1.5448,0.1
2020-08-24,euphoric,0.765,1.4557,0.1
2020-08-25,euphoric,0.765,1.3868,0.1333
2020-08-26,euphoric,0.765,1.3665,0.1333
2020-08-27,euphoric,0.765,1.1535,0.1333
2020-08-28,euphoric,0.765,1.0722,0.1667
2020-08-31,euphoric,0.765,0.5461,0.1667
2020-09-01,euphoric,0.765,0.5542,0.1667
2020-09-02,euphoric,0.765,0.6855,0.1667
2020-09-03,euphoric,0.765,0.7011,0.1667
2020-09-04,euphoric,0.765,0.6122,0.1667
2020-09-08,euphoric,0.765,0.4395,0.1333
2020-09-09,euphoric,0.765,0.5636,0.1333
2020-09-10,euphoric,0.765,0.9509,0.1333
2020-09-11,euphoric,0.765,1.0521,0.1333
2020-09-14,euphoric,0.765,1.2252,0.1
2020-09-15,euphoric,0.765,1.3391,0.1
2020-09-16,euphoric,0.765,1.3309,0.1
2020-09-17,euphoric,0.85,1.3926,0.1
2020-09-18,euphoric,0.85,1.6309,0.1
2020-09-21,euphoric,0.85,1.7794,0.1
2020-09-22,euphoric,0.85,1.7964,0.1
2020-09-23,euphoric,0.765,2.0604,0.0667
2020-09-24,crisis,0.36,2.1452,0.0333
2020-09-25,crisis,0.4,2.1669,0.0333
2020-09-28,crisis,0.36,2.1966,0.0333
2020-09-29,crisis,0.36,2.1571,0.0333
2020-09-30,crisis,0.36,2.1699,0.0333
2020-10-01,crisis,0.36,2.1262,0.0333
2020-10-02,crisis,0.36,2.1851,0.0333
2020-10-05,crisis,0.36,2.6385,0.0333
2020-10-06,crisis,0.36,2.5518,0.0333
2020-10-07,crisis,0.36,2.7461,0.0333
2020-10-08,crisis,0.36,2.7549,0.0333
2020-10-09,crisis,0.4,2.7384,0.0333
2020-10-12,crisis,0.36,2.3047,0.0333
2020-10-13,crisis,0.36,2.2634,0.0333
2020-10-14,crisis,0.36,2.1071,0.0333
2020-10-15,crisis,0.36,2.6174,0.0333
2020-10-16,crisis,0.36,3.3944,0.0333
2020-10-19,crisis,0.36,2.9338,0.0333
2020-10-20,crisis,0.36,2.8618,0.0333
2020-10-21,crisis,0.36,2.8028,0.0333
2020-10-22,crisis,0.36,2.7353,0.0667
2020-10-23,crisis,0.36,2.4862,0.1
2020-10-26,crisis,0.36,2.3032,0.1333
2020-10-27,crisis,0.36,2.3708,0.1
2020-10-28,crisis,0.36,2.3575,0.1
2020-10-29,crisis,0.36,2.3185,0.1
2020-10-30,crisis,0.36,2.2353,0.1333
2020-11-02,crisis,0.36,1.5267,0.2
2020-11-03,crisis,0.36,1.4694,0.2333
2020-11-04,crisis,0.36,1.4288,0.2667
2020-11-05,crisis,0.36,1.3651,0.3
2020-11-06,crisis,0.4,1.2474,0.3
2020-11-09,crisis,0.4,1.2101,0.3667
2020-11-10,crisis,0.4,1.5928,0.3667
2020-11-11,crisis,0.4,1.5478,0.3667
2020-11-12,crisis,0.4,1.5055,0.4
2020-11-13,crisis,0.4,1.4764,0.4333
2020-11-16,crisis,0.4,0.1672,0.5333
2020-11-17,calm_bull,1.0,0.1469,0.5667
2020-11-18,calm_bull,1.0,0.0976,0.6
2020-11-19,calm_bull,1.0,0.0313,0.6333
2020-11-20,calm_bull,1.0,0.0144,0.6667
2020-11-23,calm_bull,1.0,0.0034,0.7
2020-11-24,calm_bull,1.0,-0.0114,0.7333
2020-11-25,calm_bull,1.0,-0.0126,0.7333
2020-11-27,calm_bull,1.0,-0.1659,0.8
2020-11-30,euphoric,0.765,0.0575,0.7667
2020-12-01,euphoric,0.85,0.0732,0.7333
2020-12-02,euphoric,0.765,0.0707,0.7333
2020-12-03,euphoric,0.765,0.0692,0.7333
2020-12-04,euphoric,0.85,0.0662,0.7333
2020-12-07,euphoric,0.85,-0.0147,0.7333
2020-12-08,euphoric,0.85,-0.0135,0.7333
2020-12-09,euphoric,0.85,-0.161,0.7333
2020-12-10,euphoric,0.765,-0.6571,0.7667
2020-12-11,euphoric,0.765,-0.6873,0.8
2020-12-14,euphoric,0.765,-0.6892,0.8
2020-12-15,euphoric,0.765,-0.6935,0.8
2020-12-16,euphoric,0.765,-0.6918,0.8
2020-12-17,euphoric,0.765,-0.6921,0.8
2020-12-18,euphoric,0.85,-0.6929,0.8
2020-12-21,euphoric,0.85,-0.6999,0.8
2020-12-22,euphoric,0.85,-0.7002,0.8
2020-12-23,euphoric,0.85,-0.6502,0.7667
2020-12-24,euphoric,0.85,-0.64,0.7333
2020-12-28,euphoric,0.85,-0.6922,0.7667
2020-12-29,euphoric,0.85,-0.7882,0.8
2020-12-30,euphoric,0.85,-0.8686,0.8
2020-12-31,euphoric,0.85,-0.8847,0.8333
2021-01-04,euphoric,0.85,-0.8768,0.8
2021-01-05,euphoric,0.85,-0.8776,0.8
2021-01-06,calm_bull,1.0,-0.8845,0.8333
2021-01-07,calm_bull,1.0,-0.8873,0.8333
2021-01-08,calm_bull,1.0,-0.9224,0.8667
2021-01-11,calm_bull,1.0,-0.9261,0.8667
2021-01-12,calm_bull,1.0,-0.9267,0.8667
2021-01-13,calm_bull,1.0,-0.9288,0.8667
2021-01-14,calm_bull,1.0,-0.9298,0.8667
2021-01-15,calm_bull,1.0,-0.9335,0.8667
2021-01-19,calm_bull,1.0,-0.9372,0.8667
2021-01-20,calm_bull,1.0,-0.9377,0.8667
2021-01-21,calm_bull,1.0,-0.9393,0.8667
2021-01-22,calm_bull,1.0,-0.9929,0.9
2021-01-25,calm_bull,0.9,-1.0054,0.9333
2021-01-26,calm_bull,1.0,-1.0056,0.9333
2021-01-27,calm_bull,1.0,-1.0058,0.9333
2021-01-28,calm_bull,0.9,-1.006,0.9333
2021-01-29,calm_bull,0.9,-1.0268,0.9667
2021-02-01,calm_bull,1.0,-1.033,0.9667
2021-02-02,calm_bull,0.9,-1.033,0.9667
2021-02-03,calm_bull,0.9,-1.0413,1.0
2021-02-04,calm_bull,0.9,-1.0412,1.0
2021-02-05,calm_bull,0.9,-1.0412,1.0
2021-02-08,calm_bull,0.9,-1.0426,1.0
2021-02-09,calm_bull,0.9,-1.042,1.0
2021-02-10,calm_bull,0.9,-1.0229,0.9667
2021-02-11,calm_bull,0.9,-1.0229,0.9667
2021-02-12,calm_bull,0.9,-1.023,0.9667
2021-02-16,calm_bull,0.9,-1.023,0.9667
2021-02-17,calm_bull,0.9,-1.023,0.9667
2021-02-18,calm_bull,1.0,-1.023,0.9667
2021-02-19,calm_bull,1.0,-1.023,0.9667
2021-02-22,calm_bull,1.0,-1.023,0.9667
2021-02-23,calm_bull,1.0,-1.023,0.9667
2021-02-24,calm_bull,1.0,-1.023,0.9667
2021-02-25,calm_bull,1.0,-1.023,0.9667
2021-02-26,calm_bull,1.0,-1.023,0.9667
2021-03-01,calm_bull,1.0,-1.0149,0.9333
2021-03-02,calm_bull,1.0,-1.015,0.9333
2021-03-03,calm_bull,0.9,-1.0151,0.9333
2021-03-04,calm_bull,0.9,-1.0152,0.9333
2021-03-05,calm_bull,0.9,-1.0153,0.9333
2021-03-08,calm_bull,0.9,-1.0156,0.9333
2021-03-09,calm_bull,0.9,-1.0162,0.9333
2021-03-10,calm_bull,0.9,-1.0039,0.9
2021-03-11,calm_bull,1.0,-1.0009,0.9
2021-03-12,calm_bull,1.0,-1.0202,0.9333
2021-03-15,calm_bull,0.9,-1.0204,0.9333
2021-03-16,calm_bull,1.0,-1.0206,0.9333
2021-03-17,calm_bull,0.9,-1.0207,0.9333
2021-03-18,calm_bull,0.9,-1.0208,0.9333
2021-03-19,calm_bull,1.0,-1.0209,0.9333
2021-03-22,calm_bull,1.0,-1.0208,0.9333
2021-03-23,calm_bull,1.0,-1.0209,0.9333
2021-03-24,calm_bull,1.0,-1.021,0.9333
2021-03-25,calm_bull,0.9,-1.0196,0.9333
2021-03-26,calm_bull,0.9,-1.0197,0.9333
2021-03-29,calm_bull,0.9,-1.0216,0.9333
2021-03-30,calm_bull,1.0,-1.0222,0.9333
2021-03-31,calm_bull,1.0,-1.0285,0.9667
2021-04-01,calm_bull,1.0,-1.0078,0.9333
2021-04-05,calm_bull,1.0,-0.9991,0.9
2021-04-06,calm_bull,1.0,-0.9993,0.9
2021-04-07,calm_bull,1.0,-0.9994,0.9
2021-04-08,calm_bull,1.0,-0.997,0.9
2021-04-09,calm_bull,1.0,-1.0087,0.9333
2021-04-12,calm_bull,1.0,-0.9924,0.9
2021-04-13,calm_bull,1.0,-0.9911,0.9
2021-04-14,calm_bull,1.0,-0.984,0.8667
2021-04-15,calm_bull,1.0,-0.9832,0.8667
2021-04-16,calm_bull,1.0,-0.9788,0.8667
2021-04-19,calm_bull,0.9,-0.9516,0.8333
2021-04-20,calm_bull,1.0,-0.9271,0.8
2021-04-21,calm_bull,0.9,-0.7979,0.7667
2021-04-22,calm_bull,1.0,-0.7246,0.7333
2021-04-23,calm_bull,1.0,-0.6706,0.7
2021-04-26,euphoric,0.85,-0.6262,0.6
2021-04-27,euphoric,0.85,-0.6216,0.5667
2021-04-28,euphoric,0.85,-0.6228,0.5667
2021-04-29,euphoric,0.85,-0.6239,0.5667
2021-04-30,euphoric,0.85,-0.6106,0.5333
2021-05-03,euphoric,0.85,-0.5943,0.5667
2021-05-04,euphoric,0.85,-0.5971,0.5667
2021-05-05,euphoric,0.765,-0.5984,0.5667
2021-05-06,euphoric,0.765,-0.5976,0.5667
2021-05-07,euphoric,0.765,-0.5989,0.5667
2021-05-10,euphoric,0.765,-0.5988,0.5333
2021-05-11,euphoric,0.765,-0.5773,0.5
2021-05-12,euphoric,0.85,-0.5879,0.5
2021-05-13,euphoric,0.85,-0.577,0.4667
2021-05-14,euphoric,0.85,-0.5578,0.4667
2021-05-17,euphoric,0.85,-0.5148,0.3667
2021-05-18,euphoric,0.765,-0.4454,0.3333
2021-05-19,euphoric,0.765,-0.0919,0.3333
2021-05-20,euphoric,0.765,-0.1104,0.3333
2021-05-21,euphoric,0.765,-0.1651,0.3333
2021-05-24,euphoric,0.85,-0.0273,0.3333
2021-05-25,euphoric,0.85,-0.0042,0.3333
2021-05-26,euphoric,0.765,0.1217,0.3333
2021-05-27,euphoric,0.765,0.1501,0.3333
2021-05-28,euphoric,0.765,0.1531,0.3333
2021-06-01,euphoric,0.765,0.1659,0.2667
2021-06-02,euphoric,0.765,0.1709,0.2333
2021-06-03,euphoric,0.765,0.1762,0.2
2021-06-04,euphoric,0.765,0.1863,0.1667
2021-06-07,euphoric,0.765,0.3154,0.0667
2021-06-08,euphoric,0.85,0.3226,0.0333
2021-06-09,euphoric,0.85,0.3224,0.0333
2021-06-10,euphoric,0.85,0.3592,0.0333
2021-06-11,euphoric,0.85,0.4355,0.0333
2021-06-14,euphoric,0.85,0.4224,0.0333
2021-06-15,euphoric,0.85,0.4372,0.0333
2021-06-16,euphoric,0.85,0.5053,0.0333
2021-06-17,euphoric,0.85,0.4778,0.0333
2021-06-18,euphoric,0.85,0.1626,0.0333
2021-06-21,calm_bull,1.0,0.0806,0.0333
2021-06-22,calm_bull,1.0,-0.0025,0.0333
2021-06-23,calm_bull,1.0,0.024,0.0333
2021-06-24,calm_bull,1.0,-0.0238,0.0667
2021-06-25,calm_bull,1.0,-0.1398,0.0667
2021-06-28,calm_bull,1.0,-0.1872,0.1
2021-06-29,calm_bull,1.0,-0.199,0.1
2021-06-30,calm_bull,1.0,-0.1921,0.1
2021-07-01,calm_bull,1.0,-0.196,0.1
2021-07-02,calm_bull,1.0,-0.1918,0.1
2021-07-06,calm_bull,1.0,-0.1937,0.1
2021-07-07,calm_bull,1.0,-0.1388,0.1
2021-07-08,calm_bull,1.0,-0.125,0.1
2021-07-09,calm_bull,1.0,-0.1145,0.1
2021-07-12,calm_bull,1.0,-0.082,0.1
2021-07-13,calm_bull,1.0,0.0355,0.1
2021-07-14,calm_bull,1.0,0.0777,0.1
2021-07-15,calm_bull,1.0,0.1669,0.1
2021-07-16,calm_bull,1.0,0.1509,0.1
2021-07-19,euphoric,0.85,0.2707,0.1
2021-07-20,euphoric,0.765,0.2531,0.1333
2021-07-21,euphoric,0.765,0.2929,0.1333
2021-07-22,euphoric,0.765,0.2004,0.1333
2021-07-23,euphoric,0.765,0.2182,0.1333
2021-07-26,euphoric,0.765,0.2585,0.1
2021-07-27,euphoric,0.765,0.2758,0.0667
2021-07-28,euphoric,0.765,0.2886,0.0667
2021-07-29,euphoric,0.765,0.3265,0.0667
2021-07-30,euphoric,0.765,0.3337,0.0667
2021-08-02,crisis,0.4,0.344,0.0667
2021-08-03,crisis,0.4,0.3433,0.0667
2021-08-04,crisis,0.4,0.3128,0.0667
2021-08-05,euphoric,0.765,0.3225,0.0667
2021-08-06,euphoric,0.765,0.2146,0.1
2021-08-09,euphoric,0.765,0.2335,0.1
2021-08-10,euphoric,0.765,0.2634,0.1
2021-08-11,euphoric,0.765,0.0996,0.1
2021-08-12,euphoric,0.765,-0.0122,0.1
2021-08-13,euphoric,0.765,0.0808,0.1
2021-08-16,euphoric,0.765,-0.1,0.1333
2021-08-17,euphoric,0.765,-0.2341,0.1667
2021-08-18,euphoric,0.765,-0.2539,0.2
2021-08-19,euphoric,0.765,-0.1894,0.1667
2021-08-20,euphoric,0.765,-0.0694,0.1667
2021-08-23,euphoric,0.765,-0.1142,0.1667
2021-08-24,euphoric,0.765,-0.0752,0.1667
2021-08-25,euphoric,0.765,-0.015,0.1333
2021-08-26,euphoric,0.765,0.0115,0.1333
2021-08-27,euphoric,0.765,0.1286,0.1333
2021-08-30,euphoric,0.765,0.1644,0.1333
2021-08-31,euphoric,0.85,0.2565,0.1333
2021-09-01,euphoric,0.85,0.3259,0.1333
2021-09-02,euphoric,0.85,0.6604,0.1333
2021-09-03,euphoric,0.85,0.7404,0.1333
2021-09-07,euphoric,0.85,1.0591,0.1
2021-09-08,euphoric,0.85,1.1456,0.1
2021-09-09,euphoric,0.85,1.1781,0.1
2021-09-10,euphoric,0.85,1.2721,0.1
2021-09-13,calm_bull,1.0,1.3504,0.1
2021-09-14,calm_bull,1.0,1.3617,0.1
2021-09-15,calm_bull,1.0,1.4807,0.0667
2021-09-16,calm_bull,1.0,1.4814,0.0333
2021-09-17,calm_bull,1.0,1.6644,0.0
2021-09-20,calm_bull,1.0,1.7501,0.0
2021-09-21,calm_bull,1.0,1.7498,0.0
2021-09-22,calm_bull,1.0,2.4572,0.0
2021-09-23,calm_bull,1.0,2.4531,0.0
2021-09-24,calm_bull,1.0,2.5406,0.0
2021-09-27,calm_bull,1.0,2.4252,0.0333
2021-09-28,calm_bull,1.0,2.3443,0.0667
2021-09-29,calm_bull,1.0,2.3132,0.0667
2021-09-30,calm_bull,1.0,2.3954,0.0667
2021-10-01,calm_bull,1.0,2.3321,0.0667
2021-10-04,calm_bull,1.0,1.9968,0.1
2021-10-05,calm_bull,1.0,1.9324,0.1
2021-10-06,calm_bull,1.0,1.9747,0.1
2021-10-07,euphoric,0.85,1.8893,0.1
2021-10-08,euphoric,0.85,1.8005,0.1
2021-10-11,euphoric,0.765,1.752,0.1
2021-10-12,euphoric,0.765,1.8423,0.1
2021-10-13,euphoric,0.765,1.8596,0.1
2021-10-14,euphoric,0.765,1.8784,0.1
2021-10-15,euphoric,0.765,1.8444,0.1
2021-10-18,euphoric,0.85,1.8614,0.1
2021-10-19,euphoric,0.85,1.8028,0.1
2021-10-20,euphoric,0.85,1.5796,0.1
2021-10-21,euphoric,0.85,1.5817,0.1
2021-10-22,euphoric,0.85,0.8821,0.1
2021-10-25,euphoric,0.85,0.65,0.1
2021-10-26,euphoric,0.85,0.7637,0.1
2021-10-27,euphoric,0.85,0.9088,0.0667
2021-10-28,euphoric,0.85,0.9697,0.0333
2021-10-29,euphoric,0.85,0.9911,0.0333
2021-11-01,euphoric,0.85,0.7355,0.1
2021-11-02,euphoric,0.85,0.7384,0.1
2021-11-03,euphoric,0.85,0.6575,0.1333
2021-11-04,euphoric,0.85,0.6299,0.1667
2021-11-05,euphoric,0.85,0.4995,0.2
2021-11-08,euphoric,0.85,0.4337,0.2667
2021-11-09,euphoric,0.85,0.4082,0.3
2021-11-10,euphoric,0.85,0.4792,0.3
2021-11-11,euphoric,0.85,0.4933,0.3
2021-11-12,euphoric,0.85,0.3365,0.3
2021-11-15,euphoric,0.765,0.317,0.3
2021-11-16,euphoric,0.765,0.2593,0.3
2021-11-17,euphoric,0.765,0.246,0.3
2021-11-18,euphoric,0.765,0.2195,0.3333
2021-11-19,euphoric,0.765,0.2089,0.3667
2021-11-22,euphoric,0.765,0.1377,0.4
2021-11-23,euphoric,0.765,0.1254,0.4333
2021-11-24,euphoric,0.765,0.1114,0.4667
2021-11-26,euphoric,0.765,-0.1861,0.5333
2021-11-29,euphoric,0.765,0.1086,0.5
2021-11-30,euphoric,0.765,0.1073,0.5
2021-12-01,euphoric,0.765,0.1056,0.5
2021-12-02,euphoric,0.765,0.1051,0.5
2021-12-03,euphoric,0.765,0.1047,0.5
2021-12-06,euphoric,0.765,0.1114,0.5
2021-12-07,euphoric,0.765,0.072,0.5333
2021-12-08,euphoric,0.765,0.0714,0.5333
2021-12-09,euphoric,0.765,0.0697,0.5333
2021-12-10,euphoric,0.765,-0.1159,0.5667
2021-12-13,euphoric,0.765,-0.393,0.6667
2021-12-14,euphoric,0.85,-0.5831,0.7
2021-12-15,euphoric,0.85,-0.6038,0.7333
2021-12-16,euphoric,0.85,-0.6146,0.7667
2021-12-17,euphoric,0.85,-0.6207,0.8
2021-12-20,euphoric,0.85,-0.597,0.7667
2021-12-21,euphoric,0.85,-0.598,0.7667
2021-12-22,euphoric,0.85,-0.6089,0.8
2021-12-23,euphoric,0.85,-0.6093,0.8
2021-12-27,euphoric,0.85,-0.6497,0.8
2021-12-28,euphoric,0.85,-0.7249,0.8
2021-12-29,euphoric,0.85,-0.9598,0.8333
2021-12-30,euphoric,0.85,-0.9822,0.8667
2021-12-31,euphoric,0.85,-0.9817,0.8667
2022-01-03,euphoric,0.85,-0.9793,0.8667
2022-01-04,calm_bull,1.0,-0.9829,0.8667
2022-01-05,calm_bull,1.0,-0.9824,0.8667
2022-01-06,calm_bull,1.0,-0.9819,0.8667
2022-01-07,calm_bull,1.0,-0.9832,0.8667
2022-01-10,calm_bull,1.0,-0.98,0.8667
2022-01-11,calm_bull,1.0,-0.9797,0.8667
2022-01-12,calm_bull,1.0,-0.9807,0.8667
2022-01-13,calm_bull,1.0,-0.9804,0.8667
2022-01-14,calm_bull,1.0,-0.9802,0.8667
2022-01-18,calm_bull,1.0,-1.0191,0.9333
2022-01-19,calm_bull,1.0,-1.0187,0.9333
2022-01-20,calm_bull,1.0,-1.02,0.9333
2022-01-21,calm_bull,1.0,-1.0202,0.9333
2022-01-24,calm_bull,1.0,-1.0202,0.9333
2022-01-25,calm_bull,1.0,-1.0156,0.9
2022-01-26,calm_bull,1.0,-1.0329,0.9333
2022-01-27,calm_bull,1.0,-1.0403,0.9667
2022-01-28,calm_bull,1.0,-1.0436,0.9667
2022-01-31,calm_bull,1.0,-1.032,0.9333
2022-02-01,calm_bull,1.0,-1.0321,0.9333
2022-02-02,calm_bull,1.0,-1.0327,0.9333
2022-02-03,calm_bull,1.0,-1.0328,0.9333
2022-02-04,calm_bull,1.0,-1.0364,0.9333
2022-02-07,calm_bull,1.0,-1.0361,0.9333
2022-02-08,calm_bull,1.0,-1.0368,0.9333
2022-02-09,calm_bull,1.0,-1.0358,0.9333
2022-02-10,calm_bull,1.0,-1.0353,0.9333
2022-02-11,calm_bull,1.0,-1.0353,0.9333
2022-02-14,calm_bull,1.0,-1.0101,0.9
2022-02-15,calm_bull,1.0,-1.0074,0.9
2022-02-16,calm_bull,1.0,-1.0058,0.9
2022-02-17,calm_bull,1.0,-0.9985,0.8667
2022-02-18,calm_bull,1.0,-0.9912,0.8333
2022-02-22,calm_bull,1.0,-0.9637,0.8
2022-02-23,calm_bull,1.0,-0.9647,0.8
2022-02-24,calm_bull,1.0,-0.9708,0.8333
2022-02-25,calm_bull,1.0,-0.9712,0.8333
2022-02-28,calm_bull,1.0,-0.9717,0.8333
2022-03-01,calm_bull,1.0,-0.9837,0.8667
2022-03-02,calm_bull,1.0,-0.9816,0.8667
2022-03-03,calm_bull,1.0,-0.9819,0.8667
2022-03-04,calm_bull,1.0,-0.9822,0.8667
2022-03-07,calm_bull,1.0,-0.9813,0.8667
2022-03-08,calm_bull,1.0,-0.9821,0.8667
2022-03-09,calm_bull,1.0,-0.9824,0.8667
2022-03-10,calm_bull,1.0,-0.9844,0.8667
2022-03-11,calm_bull,1.0,-0.9858,0.8667
2022-03-14,calm_bull,1.0,-0.9877,0.8667
2022-03-15,calm_bull,0.9,-1.0065,0.9
2022-03-16,crisis,0.36,-1.0067,0.9
2022-03-17,crisis,0.36,-1.0098,0.9
2022-03-18,crisis,0.4,-0.981,0.8667
2022-03-21,crisis,0.4,-0.9286,0.9
2022-03-22,crisis,0.4,-0.7761,0.9
2022-03-23,crisis,0.4,-0.6932,0.8667
2022-03-24,crisis,0.4,-0.6686,0.8333
2022-03-25,crisis,0.4,-0.6557,0.8
2022-03-28,crisis,0.36,-0.6288,0.7667
2022-03-29,crisis,0.4,-0.6306,0.7667
2022-03-30,crisis,0.4,-0.5372,0.7333
2022-03-31,crisis,0.4,-0.4445,0.7
2022-04-01,crisis,0.4,-0.3245,0.6667
2022-04-04,crisis,0.4,-0.2931,0.6333
2022-04-05,crisis,0.4,-0.295,0.6333
2022-04-06,calm_bull,1.0,-0.294,0.6333
2022-04-07,calm_bull,1.0,-0.2965,0.6333
2022-04-08,calm_bull,1.0,-0.299,0.6333
2022-04-11,calm_bull,1.0,-0.3043,0.6333
2022-04-12,calm_bull,1.0,-0.2974,0.6
2022-04-13,calm_bull,1.0,-0.2892,0.5667
2022-04-14,calm_bull,1.0,-0.2852,0.5333
2022-04-18,calm_bull,1.0,-0.1591,0.5
2022-04-19,calm_bull,1.0,-0.1631,0.5
2022-04-20,calm_bull,1.0,-0.2097,0.5
2022-04-21,calm_bull,1.0,-0.3954,0.5333
2022-04-22,calm_bull,1.0,-0.4827,0.5667
2022-04-25,calm_bull,1.0,-0.4169,0.5667
2022-04-26,calm_bull,1.0,-0.4111,0.5667
2022-04-27,calm_bull,1.0,-0.412,0.5667
2022-04-28,calm_bull,1.0,-0.4123,0.5667
2022-04-29,crisis,0.4,-0.4047,0.5667
2022-05-02,crisis,0.4,-0.2204,0.5667
2022-05-03,crisis,0.4,-0.1975,0.5333
2022-05-04,crisis,0.4,-0.1406,0.5
2022-05-05,crisis,0.4,-0.1402,0.5
2022-05-06,crisis,0.36,-0.1405,0.5
2022-05-09,crisis,0.36,-0.1303,0.4667
2022-05-10,crisis,0.36,-0.133,0.4667
2022-05-11,crisis,0.4,-0.0834,0.4333
2022-05-12,crisis,0.36,0.0485,0.4333
2022-05-13,crisis,0.4,0.0905,0.4333
2022-05-16,crisis,0.4,0.2743,0.4333
2022-05-17,crisis,0.4,0.3263,0.4
2022-05-18,crisis,0.4,0.4785,0.3667
2022-05-19,crisis,0.4,0.7787,0.3333
2022-05-20,crisis,0.4,0.9264,0.3333
2022-05-23,crisis,0.36,1.2127,0.2667
2022-05-24,crisis,0.4,1.1153,0.3
2022-05-25,crisis,0.4,1.1837,0.2667
2022-05-26,crisis,0.4,1.3003,0.2667
2022-05-27,crisis,0.4,1.469,0.2333
2022-05-31,euphoric,0.85,1.3233,0.2
2022-06-01,euphoric,0.765,1.1661,0.2
2022-06-02,euphoric,0.765,1.2765,0.2
2022-06-03,euphoric,0.765,1.2347,0.2
2022-06-06,euphoric,0.765,1.3158,0.1333
2022-06-07,euphoric,0.765,1.3552,0.1333
2022-06-08,euphoric,0.85,1.3511,0.1
2022-06-09,euphoric,0.85,1.3955,0.0667
2022-06-10,euphoric,0.85,1.3461,0.0667
2022-06-13,euphoric,0.85,1.1686,0.1
2022-06-14,euphoric,0.85,1.0167,0.1
2022-06-15,euphoric,0.85,0.9001,0.1
2022-06-16,euphoric,0.85,0.8976,0.1
2022-06-17,calm_bull,1.0,0.7777,0.1
2022-06-21,calm_bull,1.0,0.1696,0.1667
2022-06-22,calm_bull,1.0,0.1042,0.1667
2022-06-23,calm_bull,1.0,0.1078,0.1333
2022-06-24,calm_bull,1.0,0.1531,0.1333
2022-06-27,calm_bull,1.0,-0.0649,0.1333
2022-06-28,calm_bull,1.0,-0.1201,0.1333
2022-06-29,calm_bull,1.0,-0.1089,0.1333
2022-06-30,calm_bull,1.0,-0.0851,0.1333
2022-07-01,calm_bull,1.0,-0.0585,0.1333
2022-07-05,calm_bull,1.0,-0.1339,0.1
2022-07-06,calm_bull,1.0,-0.084,0.1
2022-07-07,calm_bull,1.0,-0.1053,0.1
2022-07-08,calm_bull,1.0,0.0207,0.1
2022-07-11,calm_bull,1.0,0.3938,0.1
2022-07-12,calm_bull,1.0,0.5112,0.1
2022-07-13,calm_bull,0.9,0.6205,0.0667
2022-07-14,calm_bull,0.9,0.6789,0.0667
2022-07-15,crisis,0.36,0.6478,0.0667
2022-07-18,crisis,0.4,0.7179,0.0667
2022-07-19,crisis,0.4,0.7976,0.0333
2022-07-20,crisis,0.4,0.9187,0.0
2022-07-21,crisis,0.4,0.9914,0.0
2022-07-22,crisis,0.36,0.9937,0.0
2022-07-25,crisis,0.36,0.8098,0.0333
2022-07-26,crisis,0.4,0.7851,0.0333
2022-07-27,crisis,0.4,0.7651,0.0333
2022-07-28,crisis,0.4,0.7578,0.0333
2022-07-29,crisis,0.4,0.7853,0.0333
2022-08-01,crisis,0.4,0.7492,0.0333
2022-08-02,crisis,0.36,0.7438,0.0333
2022-08-03,crisis,0.4,0.7402,0.0333
2022-08-04,crisis,0.4,0.7111,0.0333
2022-08-05,crisis,0.4,0.6821,0.0333
2022-08-08,crisis,0.4,0.9322,0.0333
2022-08-09,crisis,0.4,0.7409,0.0333
2022-08-10,crisis,0.4,0.6912,0.0333
2022-08-11,crisis,0.4,0.656,0.0333
2022-08-12,crisis,0.4,0.5635,0.0333
2022-08-15,crisis,0.4,0.5804,0.0333
2022-08-16,crisis,0.4,0.6033,0.0333
2022-08-17,crisis,0.4,0.5686,0.0333
2022-08-18,crisis,0.4,0.5405,0.0333
2022-08-19,crisis,0.4,0.54,0.0333
2022-08-22,calm_bull,1.0,0.5263,0.0333
2022-08-23,calm_bull,1.0,0.567,0.0
2022-08-24,calm_bull,0.9,0.5672,0.0
2022-08-25,calm_bull,0.9,0.5943,0.0
2022-08-26,calm_bull,0.9,0.6445,0.0
2022-08-29,euphoric,0.765,0.5557,0.0333
2022-08-30,euphoric,0.85,0.5733,0.0333
2022-08-31,euphoric,0.85,0.56,0.0333
2022-09-01,euphoric,0.85,0.5716,0.0333
2022-09-02,euphoric,0.85,0.5426,0.0333
2022-09-06,euphoric,0.85,0.3669,0.0333
2022-09-07,euphoric,0.85,0.217,0.0333
2022-09-08,euphoric,0.85,0.254,0.0333
2022-09-09,euphoric,0.85,0.2701,0.0333
2022-09-12,calm_bull,1.0,0.2251,0.0667
2022-09-13,calm_bull,1.0,0.1634,0.0667
2022-09-14,calm_bull,1.0,0.2685,0.0667
2022-09-15,calm_bull,1.0,0.2381,0.0667
2022-09-16,calm_bull,1.0,0.3221,0.0667
2022-09-19,calm_bull,1.0,0.4148,0.0667
2022-09-20,calm_bull,1.0,0.5136,0.0667
2022-09-21,calm_bull,1.0,0.5558,0.0667
2022-09-22,calm_bull,1.0,0.6419,0.0667
2022-09-23,calm_bull,1.0,0.7296,0.0667
2022-09-26,calm_bull,1.0,0.8092,0.0667
2022-09-27,calm_bull,1.0,0.8446,0.0667
2022-09-28,calm_bull,1.0,0.8846,0.0333
2022-09-29,calm_bull,1.0,0.8597,0.0333
2022-09-30,calm_bull,1.0,0.8838,0.0333
2022-10-03,calm_bull,1.0,0.895,0.0333
2022-10-04,calm_bull,1.0,0.8221,0.0667
2022-10-05,calm_bull,1.0,0.8,0.0667
2022-10-06,calm_bull,1.0,0.7102,0.0667
2022-10-07,calm_bull,1.0,0.6389,0.0667
2022-10-10,calm_bull,1.0,0.7211,0.0333
2022-10-11,calm_bull,1.0,0.8746,0.0333
2022-10-12,calm_bull,1.0,0.8183,0.0333
2022-10-13,calm_bull,0.9,0.9464,0.0333
2022-10-14,calm_bull,0.9,0.7614,0.0333
2022-10-17,calm_bull,0.9,0.5672,0.1
2022-10-18,crisis,0.36,0.4265,0.1333
2022-10-19,crisis,0.36,0.3095,0.1667
2022-10-20,crisis,0.36,0.1394,0.1667
2022-10-21,crisis,0.36,0.0177,0.2
2022-10-24,crisis,0.36,-0.2391,0.2333
2022-10-25,crisis,0.36,-0.3302,0.2333
2022-10-26,crisis,0.36,-0.3837,0.2333
2022-10-27,crisis,0.36,-0.3753,0.2333
2022-10-28,crisis,0.36,-0.4051,0.2667
2022-10-31,crisis,0.36,-0.4981,0.3667
2022-11-01,crisis,0.36,-0.5048,0.4
2022-11-02,crisis,0.36,-0.5181,0.4333
2022-11-03,crisis,0.36,-0.5095,0.4333
2022-11-04,crisis,0.36,-0.5274,0.4333
2022-11-07,crisis,0.36,-0.562,0.5333
2022-11-08,crisis,0.36,-0.6153,0.5667
2022-11-09,crisis,0.36,-0.7438,0.6
2022-11-10,crisis,0.36,-0.9113,0.6333
2022-11-11,crisis,0.36,-0.9124,0.6667
2022-11-14,crisis,0.36,-1.0586,0.7333
2022-11-15,crisis,0.36,-1.1033,0.7667
2022-11-16,crisis,0.36,-1.1043,0.7667
2022-11-17,crisis,0.36,-1.0974,0.7667
2022-11-18,crisis,0.36,-1.0876,0.7667
2022-11-21,crisis,0.36,-0.5384,0.7
2022-11-22,crisis,0.36,-0.4634,0.7
2022-11-23,crisis,0.36,-0.3195,0.7
2022-11-25,crisis,0.36,-0.3186,0.7333
2022-11-28,crisis,0.36,-0.245,0.7
2022-11-29,crisis,0.36,-0.2449,0.7
2022-11-30,crisis,0.36,-0.2418,0.7
2022-12-01,crisis,0.36,-0.2408,0.7
2022-12-02,crisis,0.36,-0.2262,0.6667
2022-12-05,crisis,0.36,-0.2214,0.6333
2022-12-06,crisis,0.36,-0.2119,0.6
2022-12-07,crisis,0.36,-0.2088,0.6
2022-12-08,crisis,0.36,-0.2074,0.6
2022-12-09,crisis,0.36,-0.2066,0.6
2022-12-12,crisis,0.36,-0.215,0.6
2022-12-13,crisis,0.36,-0.2199,0.6
2022-12-14,crisis,0.36,-0.2208,0.6
2022-12-15,crisis,0.36,-0.2231,0.6
2022-12-16,crisis,0.36,-0.2248,0.6
2022-12-19,crisis,0.36,-0.5371,0.6333
2022-12-20,crisis,0.36,-0.7857,0.6667
2022-12-21,crisis,0.36,-0.7965,0.7
2022-12-22,crisis,0.36,-0.9304,0.7333
2022-12-23,crisis,0.36,-1.0804,0.7667
2022-12-27,crisis,0.36,-1.2825,0.8667
2022-12-28,crisis,0.36,-1.2817,0.8667
2022-12-29,crisis,0.36,-1.2794,0.8667
2022-12-30,crisis,0.36,-1.2811,0.8667
2023-01-03,crisis,0.36,-1.323,0.9667
2023-01-04,crisis,0.36,-1.3088,0.9333
2023-01-05,crisis,0.36,-1.2731,0.9333
2023-01-06,crisis,0.36,-1.2543,0.9
2023-01-09,crisis,0.36,-1.0515,0.8333
2023-01-10,crisis,0.36,-1.0519,0.8333
2023-01-11,crisis,0.36,-1.0452,0.8
2023-01-12,crisis,0.36,-1.0155,0.7667
2023-01-13,crisis,0.36,-1.0039,0.7333
2023-01-17,crisis,0.36,-1.0134,0.7333
2023-01-18,crisis,0.36,-1.015,0.7333
2023-01-19,crisis,0.36,-1.0168,0.7333
2023-01-20,crisis,0.36,-1.0186,0.7333
2023-01-23,crisis,0.36,-1.0241,0.7333
2023-01-24,crisis,0.36,-1.0193,0.7333
2023-01-25,crisis,0.36,-1.0212,0.7333
2023-01-26,crisis,0.4,-1.0238,0.7333
2023-01-27,crisis,0.4,-1.0206,0.7333
2023-01-30,crisis,0.4,-1.0306,0.7333
2023-01-31,crisis,0.4,-1.0341,0.7333
2023-02-01,crisis,0.4,-1.0354,0.7333
2023-02-02,crisis,0.4,-1.0345,0.7333
2023-02-03,crisis,0.4,-1.052,0.7667
2023-02-06,euphoric,0.85,-1.1563,0.8667
2023-02-07,euphoric,0.85,-1.3358,0.9
2023-02-08,euphoric,0.85,-1.3332,0.9
2023-02-09,euphoric,0.85,-1.3343,0.9
2023-02-10,euphoric,0.85,-1.3435,0.9333
2023-02-13,euphoric,0.85,-1.3889,1.0
2023-02-14,euphoric,0.765,-1.3849,1.0
2023-02-15,euphoric,0.85,-1.3831,1.0
2023-02-16,euphoric,0.765,-1.3828,1.0
2023-02-17,euphoric,0.765,-1.3825,1.0
2023-02-21,euphoric,0.765,-1.3628,0.9667
2023-02-22,euphoric,0.765,-1.3622,0.9667
2023-02-23,euphoric,0.765,-1.3683,0.9667
2023-02-24,euphoric,0.765,-1.3676,0.9667
2023-02-27,euphoric,0.765,-1.3709,0.9667
2023-02-28,euphoric,0.765,-1.3702,0.9667
2023-03-01,euphoric,0.85,-1.3696,0.9667
2023-03-02,euphoric,0.85,-1.3691,0.9667
2023-03-03,euphoric,0.85,-1.3692,0.9667
2023-03-06,euphoric,0.85,-1.3733,0.9667
2023-03-07,euphoric,0.85,-1.3727,0.9667
2023-03-08,euphoric,0.85,-1.3721,0.9667
2023-03-09,euphoric,0.85,-1.3714,0.9667
2023-03-10,euphoric,0.85,-1.3738,0.9667
2023-03-13,euphoric,0.85,-1.3711,0.9667
2023-03-14,euphoric,0.85,-1.3698,0.9667
2023-03-15,euphoric,0.85,-1.3692,0.9667
2023-03-16,euphoric,0.85,-1.3725,0.9667
2023-03-17,euphoric,0.85,-1.3735,0.9667
2023-03-20,euphoric,0.85,-1.3717,0.9667
2023-03-21,euphoric,0.85,-1.388,1.0
2023-03-22,euphoric,0.85,-1.3874,1.0
2023-03-23,euphoric,0.765,-1.3847,1.0
2023-03-24,euphoric,0.85,-1.3813,1.0
2023-03-27,euphoric,0.85,-1.3604,1.0
2023-03-28,crisis,0.36,-1.3552,1.0
2023-03-29,crisis,0.36,-1.3515,1.0
2023-03-30,crisis,0.36,-1.3478,1.0
2023-03-31,crisis,0.36,-1.3435,1.0
2023-04-03,crisis,0.4,-1.3167,0.9667
2023-04-04,crisis,0.4,-1.3112,0.9667
2023-04-05,crisis,0.4,-1.2943,0.9333
2023-04-06,crisis,0.4,-1.2861,0.9333
2023-04-10,crisis,0.4,-1.2448,0.9
2023-04-11,crisis,0.4,-1.2384,0.9
2023-04-12,crisis,0.4,-1.2285,0.9
2023-04-13,euphoric,0.765,-1.2201,0.9
2023-04-14,euphoric,0.765,-1.1907,0.8667
2023-04-17,euphoric,0.765,-0.9544,0.7667
2023-04-18,euphoric,0.765,-0.9468,0.7667
2023-04-19,euphoric,0.765,-0.9433,0.7667
2023-04-20,euphoric,0.765,-0.9399,0.7667
2023-04-21,euphoric,0.85,-0.936,0.7667
2023-04-24,euphoric,0.85,-0.9279,0.7667
2023-04-25,euphoric,0.85,-0.931,0.7667
2023-04-26,euphoric,0.85,-0.9306,0.7667
2023-04-27,euphoric,0.85,-0.9261,0.7667
2023-04-28,euphoric,0.85,-0.9195,0.7667
2023-05-01,euphoric,0.85,-0.9071,0.7667
2023-05-02,euphoric,0.85,-0.9045,0.7667
2023-05-03,euphoric,0.85,-0.9083,0.8
2023-05-04,euphoric,0.85,-0.905,0.8
2023-05-05,euphoric,0.85,-0.9119,0.8333
2023-05-08,euphoric,0.85,-0.6344,0.7667
2023-05-09,calm_bull,1.0,-0.4797,0.7667
2023-05-10,calm_bull,1.0,-0.3896,0.7333
2023-05-11,calm_bull,1.0,-0.3292,0.7
2023-05-12,calm_bull,1.0,-0.1946,0.6667
2023-05-15,calm_bull,1.0,-0.1118,0.6333
2023-05-16,calm_bull,1.0,-0.2092,0.6333
2023-05-17,calm_bull,1.0,-0.2857,0.6333
2023-05-18,calm_bull,1.0,-0.2652,0.6
2023-05-19,calm_bull,1.0,-0.2565,0.6
2023-05-22,calm_bull,0.9,-0.0468,0.5
2023-05-23,calm_bull,0.9,-0.0015,0.4667
2023-05-24,calm_bull,0.9,0.0291,0.4333
2023-05-25,calm_bull,1.0,0.1551,0.4
2023-05-26,calm_bull,1.0,0.2374,0.3667
2023-05-30,calm_bull,1.0,0.8879,0.2333
2023-05-31,calm_bull,1.0,0.9287,0.2
2023-06-01,calm_bull,1.0,1.0174,0.1667
2023-06-02,calm_bull,1.0,1.0826,0.1333
2023-06-05,calm_bull,1.0,1.3757,0.0333
2023-06-06,calm_bull,1.0,1.4767,0.0333
2023-06-07,calm_bull,0.9,1.265,0.0333
2023-06-08,calm_bull,1.0,1.1301,0.0333
2023-06-09,calm_bull,1.0,1.0791,0.0333
2023-06-12,calm_bull,1.0,0.9611,0.0333
2023-06-13,calm_bull,1.0,0.9425,0.0333
2023-06-14,calm_bull,1.0,0.996,0.0333
2023-06-15,calm_bull,1.0,0.9974,0.0333
2023-06-16,calm_bull,1.0,1.1457,0.0333
2023-06-20,calm_bull,1.0,1.3407,0.0
2023-06-21,calm_bull,0.9,1.2889,0.0
2023-06-22,calm_bull,0.9,1.2952,0.0
2023-06-23,calm_bull,0.9,1.3202,0.0
2023-06-26,crisis,0.36,1.2797,0.0
2023-06-27,crisis,0.36,1.0827,0.0
2023-06-28,crisis,0.36,1.1223,0.0
2023-06-29,crisis,0.36,1.1363,0.0
2023-06-30,crisis,0.36,1.3299,0.0
2023-07-03,crisis,0.36,1.4078,0.0
2023-07-05,crisis,0.36,1.2147,0.0333
2023-07-06,crisis,0.36,1.1567,0.0333
2023-07-07,crisis,0.36,1.1471,0.0333
2023-07-10,crisis,0.36,1.146,0.0333
2023-07-11,crisis,0.36,1.2929,0.0333
2023-07-12,crisis,0.36,1.2741,0.0667
2023-07-13,crisis,0.36,1.4358,0.0667
2023-07-14,crisis,0.36,1.4683,0.0667
2023-07-17,crisis,0.36,1.8285,0.0667
2023-07-18,crisis,0.36,1.8949,0.0667
2023-07-19,crisis,0.36,1.896,0.0667
2023-07-20,crisis,0.36,1.9642,0.0667
2023-07-21,crisis,0.36,1.9884,0.0667
2023-07-24,crisis,0.36,2.1577,0.0667
2023-07-25,crisis,0.36,2.204,0.0667
2023-07-26,crisis,0.36,2.087,0.0667
2023-07-27,crisis,0.36,2.2033,0.0667
2023-07-28,crisis,0.36,2.0473,0.0667
2023-07-31,crisis,0.4,2.0446,0.0667
2023-08-01,crisis,0.4,1.969,0.0667
2023-08-02,crisis,0.4,1.9868,0.0667
2023-08-03,crisis,0.4,2.0653,0.0333
2023-08-04,crisis,0.36,2.0617,0.0333
2023-08-07,crisis,0.4,1.9123,0.1
2023-08-08,crisis,0.36,1.7952,0.1
2023-08-09,crisis,0.36,1.7877,0.1
2023-08-10,crisis,0.36,1.6328,0.1
2023-08-11,crisis,0.36,1.6847,0.0667
2023-08-14,crisis,0.36,1.3437,0.0667
2023-08-15,crisis,0.36,1.2424,0.0667
2023-08-16,crisis,0.36,1.0797,0.0667
2023-08-17,crisis,0.36,1.0493,0.0667
2023-08-18,crisis,0.36,1.1531,0.0667
2023-08-21,crisis,0.36,1.0214,0.0667
2023-08-22,crisis,0.36,0.9673,0.0667
2023-08-23,crisis,0.36,0.8663,0.1
2023-08-24,crisis,0.36,0.701,0.1333
2023-08-25,crisis,0.36,0.7088,0.1333
2023-08-28,crisis,0.36,0.6481,0.1333
2023-08-29,crisis,0.36,0.5283,0.1333
2023-08-30,crisis,0.36,0.3397,0.1333
2023-08-31,crisis,0.36,0.5202,0.1333
2023-09-01,crisis,0.36,0.5234,0.1333
2023-09-05,crisis,0.36,0.9233,0.1
2023-09-06,crisis,0.36,0.9248,0.1
2023-09-07,crisis,0.36,1.0519,0.1
2023-09-08,crisis,0.36,1.0714,0.1
2023-09-11,crisis,0.36,1.3213,0.1
2023-09-12,crisis,0.36,1.3827,0.1
2023-09-13,crisis,0.36,1.3496,0.1
2023-09-14,crisis,0.36,1.3797,0.1
2023-09-15,crisis,0.4,1.4282,0.1
2023-09-18,crisis,0.4,1.3629,0.1
2023-09-19,crisis,0.4,1.3662,0.1
2023-09-20,crisis,0.4,1.3102,0.1
2023-09-21,crisis,0.4,1.2874,0.1
2023-09-22,crisis,0.4,1.3119,0.0667
2023-09-25,crisis,0.36,1.362,0.0333
2023-09-26,crisis,0.36,1.3383,0.0333
2023-09-27,crisis,0.36,1.4033,0.0333
2023-09-28,crisis,0.36,1.4359,0.0333
2023-09-29,crisis,0.36,1.5953,0.0333
2023-10-02,crisis,0.36,1.5285,0.0333
2023-10-03,crisis,0.36,1.5235,0.0333
2023-10-04,crisis,0.36,1.4391,0.0333
2023-10-05,crisis,0.36,1.2677,0.0333
2023-10-06,crisis,0.36,1.3677,0.0
2023-10-09,crisis,0.36,1.1975,0.0
2023-10-10,crisis,0.36,1.1162,0.0
2023-10-11,crisis,0.36,1.0187,0.0
2023-10-12,crisis,0.36,0.9997,0.0
2023-10-13,crisis,0.4,1.0265,0.0
2023-10-16,crisis,0.4,0.8028,0.0
2023-10-17,crisis,0.4,0.8427,0.0
2023-10-18,crisis,0.4,0.8407,0.0
2023-10-19,crisis,0.4,0.7998,0.0333
2023-10-20,crisis,0.4,0.7845,0.0667
2023-10-23,crisis,0.4,0.868,0.0667
2023-10-24,crisis,0.4,0.8471,0.0667
2023-10-25,calm_bull,1.0,0.9062,0.0667
2023-10-26,calm_bull,1.0,0.8729,0.0667
2023-10-27,calm_bull,1.0,0.6784,0.0667
2023-10-30,calm_bull,1.0,0.3736,0.1
2023-10-31,calm_bull,1.0,0.3388,0.1333
2023-11-01,calm_bull,1.0,0.1763,0.1333
2023-11-02,calm_bull,0.9,0.1462,0.1333
2023-11-03,calm_bull,0.9,0.0856,0.1333
2023-11-06,euphoric,0.765,-0.0921,0.2333
2023-11-07,euphoric,0.765,-0.1073,0.2667
2023-11-08,euphoric,0.765,-0.1787,0.3
2023-11-09,euphoric,0.765,-0.2145,0.3333
2023-11-10,euphoric,0.765,-0.2449,0.3667
2023-11-13,euphoric,0.765,-0.4555,0.4
2023-11-14,euphoric,0.765,-0.4789,0.4333
2023-11-15,euphoric,0.765,-0.503,0.4667
2023-11-16,euphoric,0.765,-0.5642,0.4667
2023-11-17,euphoric,0.765,-0.6384,0.5
2023-11-20,euphoric,0.765,-0.6845,0.5333
2023-11-21,euphoric,0.765,-0.7227,0.5667
2023-11-22,euphoric,0.765,-0.8623,0.6
2023-11-23,euphoric,0.765,-0.9018,0.6333
2023-11-24,euphoric,0.765,-0.9888,0.6667
2023-11-27,euphoric,0.765,-1.0341,0.7667
2023-11-28,euphoric,0.765,-1.036,0.7667
2023-11-29,euphoric,0.765,-1.0398,0.8
2023-11-30,euphoric,0.765,-1.0348,0.7667
2023-12-01,euphoric,0.765,-1.0398,0.8
2023-12-04,euphoric,0.765,-1.0512,0.8333
2023-12-05,euphoric,0.765,-1.051,0.8333
2023-12-06,euphoric,0.765,-1.0477,0.8333
2023-12-07,euphoric,0.765,-1.0493,0.8333
2023-12-08,euphoric,0.85,-1.0503,0.8333
2023-12-11,euphoric,0.765,-1.0439,0.8333
2023-12-12,euphoric,0.765,-1.0473,0.8667
2023-12-13,euphoric,0.765,-1.0623,0.9
2023-12-14,euphoric,0.765,-1.0631,0.9
2023-12-15,euphoric,0.765,-1.0554,0.8667
2023-12-18,euphoric,0.765,-1.0583,0.9
2023-12-19,euphoric,0.765,-1.0542,0.9
2023-12-20,euphoric,0.765,-1.0505,0.9
2023-12-21,euphoric,0.765,-1.0476,0.9
2023-12-22,euphoric,0.765,-1.0406,0.9
2023-12-26,euphoric,0.765,-1.0394,0.8667
2023-12-27,euphoric,0.765,-1.0384,0.8667
2023-12-28,euphoric,0.765,-1.0377,0.8667
2023-12-29,euphoric,0.765,-1.0376,0.8667
2024-01-02,euphoric,0.765,-1.054,0.9333
2024-01-03,euphoric,0.765,-1.054,0.9333
2024-01-04,euphoric,0.765,-1.0546,0.9333
2024-01-05,euphoric,0.85,-1.0546,0.9333
2024-01-08,euphoric,0.85,-1.0537,0.9333
2024-01-09,euphoric,0.85,-1.0525,0.9333
2024-01-10,euphoric,0.85,-1.0513,0.9333
2024-01-11,euphoric,0.85,-1.0501,0.9333
2024-01-12,euphoric,0.85,-1.0488,0.9333
2024-01-16,euphoric,0.85,-1.0539,0.9667
2024-01-17,euphoric,0.85,-1.0524,0.9667
2024-01-18,euphoric,0.85,-1.0509,0.9667
2024-01-19,euphoric,0.85,-1.0501,0.9667
2024-01-22,euphoric,0.85,-1.0588,1.0
2024-01-23,euphoric,0.85,-1.0572,1.0
2024-01-24,euphoric,0.85,-1.0557,1.0
2024-01-25,euphoric,0.85,-1.0542,1.0
2024-01-26,euphoric,0.85,-1.0532,1.0
2024-01-29,euphoric,0.85,-1.0491,1.0
2024-01-30,euphoric,0.85,-1.0476,1.0
2024-01-31,euphoric,0.85,-1.0466,1.0
2024-02-01,euphoric,0.85,-1.0463,1.0
2024-02-02,euphoric,0.85,-1.0447,1.0
2024-02-05,euphoric,0.85,-1.0404,1.0
2024-02-06,calm_bull,1.0,-1.0391,1.0
2024-02-07,calm_bull,1.0,-1.0381,1.0
2024-02-08,calm_bull,1.0,-1.0377,1.0
2024-02-09,calm_bull,1.0,-1.0374,1.0
2024-02-12,calm_bull,1.0,-1.0366,1.0
2024-02-13,calm_bull,1.0,-1.0365,1.0
2024-02-14,calm_bull,1.0,-1.0364,1.0
2024-02-15,calm_bull,1.0,-1.0363,1.0
2024-02-16,calm_bull,1.0,-1.0362,1.0
2024-02-20,calm_bull,1.0,-1.0356,1.0
2024-02-21,calm_bull,1.0,-1.0354,1.0
2024-02-22,calm_bull,1.0,-1.0329,1.0
2024-02-23,calm_bull,1.0,-1.0327,1.0
2024-02-26,calm_bull,1.0,-1.0322,1.0
2024-02-27,calm_bull,1.0,-1.0291,1.0
2024-02-28,calm_bull,1.0,-1.029,1.0
2024-02-29,calm_bull,1.0,-1.0289,1.0
2024-03-01,calm_bull,1.0,-1.0288,1.0
2024-03-04,calm_bull,1.0,-1.0285,1.0
2024-03-05,calm_bull,1.0,-1.0284,1.0
2024-03-06,calm_bull,1.0,-1.0283,1.0
2024-03-07,calm_bull,1.0,-1.0276,1.0
2024-03-08,calm_bull,1.0,-1.0276,1.0
2024-03-11,calm_bull,1.0,-1.0273,1.0
2024-03-12,calm_bull,1.0,-1.0273,1.0
2024-03-13,calm_bull,1.0,-1.0272,1.0
2024-03-14,calm_bull,1.0,-1.0271,1.0
2024-03-15,calm_bull,1.0,-1.027,1.0
2024-03-18,calm_bull,1.0,-1.0269,1.0
2024-03-19,calm_bull,1.0,-1.0268,1.0
2024-03-20,calm_bull,1.0,-1.0262,1.0
2024-03-21,calm_bull,1.0,-1.0262,1.0
2024-03-22,calm_bull,1.0,-1.0262,1.0
2024-03-25,calm_bull,1.0,-1.0281,1.0
2024-03-26,calm_bull,1.0,-1.0281,1.0
2024-03-27,calm_bull,1.0,-1.0222,0.9667
2024-03-28,calm_bull,0.9,-0.9887,0.9333
2024-04-01,calm_bull,1.0,-0.9683,0.8667
2024-04-02,calm_bull,1.0,-0.9633,0.8667
2024-04-03,calm_bull,1.0,-0.9624,0.8667
2024-04-04,calm_bull,1.0,-0.9627,0.8667
2024-04-05,calm_bull,0.9,-0.9624,0.8667
2024-04-08,calm_bull,1.0,-0.9636,0.8667
2024-04-09,euphoric,0.85,-0.9637,0.8667
2024-04-10,euphoric,0.85,-0.9639,0.8667
2024-04-11,euphoric,0.765,-0.964,0.8667
2024-04-12,euphoric,0.765,-0.9635,0.8667
2024-04-15,euphoric,0.765,-0.9635,0.8667
2024-04-16,euphoric,0.765,-0.9629,0.8667
2024-04-17,euphoric,0.765,-0.9619,0.8667
2024-04-18,euphoric,0.765,-0.9568,0.8667
2024-04-19,euphoric,0.765,-0.9535,0.8667
2024-04-22,euphoric,0.765,-0.9408,0.8667
2024-04-23,euphoric,0.765,-0.9323,0.8333
2024-04-24,euphoric,0.765,-0.9291,0.8333
2024-04-25,euphoric,0.765,-0.9254,0.8333
2024-04-26,euphoric,0.765,-0.9293,0.8667
2024-04-29,euphoric,0.765,-0.9627,0.9
2024-04-30,euphoric,0.765,-0.9674,0.9333
2024-05-01,euphoric,0.765,-0.9774,0.9667
2024-05-02,euphoric,0.85,-0.9646,0.9333
2024-05-03,euphoric,0.85,-0.9595,0.9333
2024-05-06,euphoric,0.85,-0.9276,0.8667
2024-05-07,euphoric,0.85,-0.9231,0.8667
2024-05-08,euphoric,0.85,-0.9207,0.8667
2024-05-09,euphoric,0.85,-0.908,0.8333
2024-05-10,crisis,0.4,-0.9055,0.8333
2024-05-13,crisis,0.4,-0.8954,0.8333
2024-05-14,crisis,0.4,-0.8576,0.8
2024-05-15,crisis,0.4,-0.8263,0.7667
2024-05-16,crisis,0.4,-0.8179,0.7333
2024-05-17,crisis,0.4,-0.6986,0.7
2024-05-20,crisis,0.4,-0.5719,0.6
2024-05-21,crisis,0.4,-0.5657,0.5667
2024-05-22,crisis,0.4,-0.5215,0.5333
2024-05-23,crisis,0.4,-0.4267,0.5333
2024-05-24,crisis,0.4,-0.4132,0.5
2024-05-28,euphoric,0.765,-0.3613,0.4333
2024-05-29,euphoric,0.765,-0.3001,0.4
2024-05-30,euphoric,0.765,-0.2325,0.3667
2024-05-31,euphoric,0.765,-0.2317,0.3667
2024-06-03,euphoric,0.765,-0.206,0.3667
2024-06-04,euphoric,0.765,-0.2226,0.4
2024-06-05,euphoric,0.765,-0.1267,0.3667
2024-06-06,euphoric,0.765,-0.0932,0.3333
2024-06-07,euphoric,0.765,-0.0734,0.3
2024-06-10,euphoric,0.765,-0.007,0.2333
2024-06-11,euphoric,0.85,-0.0012,0.2333
2024-06-12,euphoric,0.765,0.0044,0.2333
2024-06-13,euphoric,0.765,-0.0245,0.2667
2024-06-14,euphoric,0.765,-0.0276,0.2667
2024-06-17,euphoric,0.765,-0.1693,0.2667
2024-06-18,euphoric,0.85,-0.1643,0.2667
2024-06-20,euphoric,0.85,0.1225,0.2667
2024-06-21,euphoric,0.85,0.1376,0.2667
2024-06-24,euphoric,0.765,0.3609,0.2333
2024-06-25,euphoric,0.765,0.3716,0.2
2024-06-26,euphoric,0.765,0.3801,0.2
2024-06-27,euphoric,0.85,0.4242,0.2
2024-06-28,euphoric,0.85,0.4697,0.2
2024-07-01,euphoric,0.85,0.5364,0.2
2024-07-02,euphoric,0.85,0.6047,0.1667
2024-07-03,euphoric,0.85,0.6446,0.1667
2024-07-05,euphoric,0.85,0.6283,0.1333
2024-07-08,euphoric,0.85,0.7229,0.1333
2024-07-09,euphoric,0.765,0.8324,0.1333
2024-07-10,euphoric,0.765,0.8529,0.1333
2024-07-11,euphoric,0.765,0.9576,0.1
2024-07-12,euphoric,0.765,1.0571,0.0667
2024-07-15,euphoric,0.765,1.4816,0.0333
2024-07-16,euphoric,0.85,1.5687,0.0333
2024-07-17,euphoric,0.85,1.6117,0.0333
2024-07-18,euphoric,0.85,1.7944,0.0333
2024-07-19,calm_bull,1.0,1.7222,0.0333
2024-07-22,calm_bull,1.0,1.931,0.0333
2024-07-23,calm_bull,1.0,1.8952,0.0333
2024-07-24,calm_bull,1.0,1.7906,0.0333
2024-07-25,calm_bull,1.0,1.8337,0.0333
2024-07-26,calm_bull,1.0,1.8324,0.0333
2024-07-29,calm_bull,1.0,1.8353,0.0
2024-07-30,calm_bull,1.0,1.8143,0.0
2024-07-31,calm_bull,1.0,2.0024,0.0
2024-08-01,calm_bull,1.0,1.9806,0.0
2024-08-02,calm_bull,1.0,1.9441,0.0
2024-08-05,calm_bull,1.0,2.0398,0.0
2024-08-06,calm_bull,1.0,1.94,0.0
2024-08-07,calm_bull,1.0,1.9271,0.0
2024-08-08,calm_bull,1.0,1.8039,0.0
2024-08-09,calm_bull,1.0,1.7894,0.0
2024-08-12,calm_bull,0.9,1.5164,0.0
2024-08-13,euphoric,0.85,1.2733,0.0
2024-08-14,euphoric,0.85,1.2279,0.0
2024-08-15,euphoric,0.765,1.16,0.0
2024-08-16,euphoric,0.765,1.0982,0.0
2024-08-19,euphoric,0.765,0.6845,0.0333
2024-08-20,euphoric,0.765,0.5444,0.0667
2024-08-21,euphoric,0.765,0.3347,0.1
2024-08-22,euphoric,0.85,0.2213,0.1
2024-08-23,euphoric,0.85,0.2454,0.1
2024-08-26,euphoric,0.85,0.3545,0.1
2024-08-27,euphoric,0.765,0.2566,0.1
2024-08-28,euphoric,0.765,0.2974,0.1
2024-08-29,euphoric,0.765,0.3546,0.1
2024-08-30,euphoric,0.85,0.2625,0.1
2024-09-03,euphoric,0.85,0.3762,0.1
2024-09-04,euphoric,0.85,0.5795,0.1
2024-09-05,euphoric,0.85,0.7367,0.1
2024-09-06,euphoric,0.85,0.8842,0.1
2024-09-09,euphoric,0.85,0.9462,0.1333
2024-09-10,euphoric,0.85,0.9786,0.1333
2024-09-11,euphoric,0.85,0.9803,0.1333
2024-09-12,calm_bull,1.0,1.0045,0.1333
2024-09-13,calm_bull,1.0,1.1122,0.1333
2024-09-16,calm_bull,1.0,1.4318,0.1333
2024-09-17,calm_bull,1.0,1.6126,0.1
2024-09-18,calm_bull,1.0,1.664,0.1
2024-09-19,euphoric,0.85,1.7168,0.0667
2024-09-20,euphoric,0.85,1.857,0.0333
2024-09-23,euphoric,0.765,2.2087,0.0333
2024-09-24,euphoric,0.765,2.0878,0.0667
2024-09-25,euphoric,0.765,2.0677,0.0667
2024-09-26,euphoric,0.765,2.0371,0.0667
2024-09-27,euphoric,0.765,2.0127,0.0667
2024-09-30,euphoric,0.85,1.6966,0.0667
2024-10-01,euphoric,0.85,1.5207,0.1
2024-10-02,euphoric,0.85,1.5659,0.1
2024-10-03,euphoric,0.85,1.5264,0.1
2024-10-04,euphoric,0.85,1.2973,0.1
2024-10-07,euphoric,0.85,1.116,0.1
2024-10-08,euphoric,0.85,1.1482,0.1
2024-10-09,euphoric,0.85,1.0727,0.1
2024-10-10,euphoric,0.85,1.0138,0.1
2024-10-11,euphoric,0.85,1.0096,0.1
2024-10-14,euphoric,0.85,0.8029,0.1333
2024-10-15,euphoric,0.85,0.8145,0.1333
2024-10-16,euphoric,0.85,0.7309,0.1333
2024-10-17,euphoric,0.85,0.6095,0.1333
2024-10-18,euphoric,0.85,0.6064,0.1333
2024-10-21,euphoric,0.85,0.437,0.1333
2024-10-22,euphoric,0.85,0.46,0.1333
2024-10-23,euphoric,0.85,0.2963,0.1667
2024-10-24,euphoric,0.85,0.2953,0.1667
2024-10-25,calm_bull,1.0,0.2843,0.2
2024-10-28,calm_bull,1.0,0.3394,0.2
2024-10-29,calm_bull,1.0,0.3414,0.2
2024-10-30,calm_bull,1.0,0.2908,0.2333
2024-10-31,calm_bull,1.0,0.3053,0.2
2024-11-01,calm_bull,1.0,0.4444,0.2
2024-11-04,calm_bull,1.0,0.5413,0.1667
2024-11-05,calm_bull,0.9,0.4924,0.1667
2024-11-06,calm_bull,0.9,0.394,0.1667
2024-11-07,calm_bull,1.0,0.3354,0.2
2024-11-08,calm_bull,1.0,0.3233,0.2333
2024-11-11,calm_bull,1.0,0.2743,0.3333
2024-11-12,calm_bull,1.0,0.3243,0.3333
2024-11-13,calm_bull,1.0,0.3573,0.3
2024-11-14,calm_bull,1.0,0.259,0.3333
2024-11-15,calm_bull,1.0,0.1762,0.3667
2024-11-18,calm_bull,1.0,0.0198,0.4667
2024-11-19,euphoric,0.85,-0.0545,0.5
2024-11-20,euphoric,0.765,-0.1873,0.5333
2024-11-21,euphoric,0.765,-0.2824,0.5667
2024-11-22,euphoric,0.765,-0.2839,0.5667
2024-11-25,euphoric,0.765,-0.2908,0.6
2024-11-26,euphoric,0.765,-0.3619,0.6333
2024-11-27,euphoric,0.765,-0.4048,0.6667
2024-11-29,euphoric,0.765,-0.4226,0.7
2024-12-02,euphoric,0.765,-0.6457,0.8
2024-12-03,euphoric,0.765,-0.706,0.8333
2024-12-04,euphoric,0.765,-0.7521,0.8667
2024-12-05,euphoric,0.765,-0.7607,0.9
2024-12-06,euphoric,0.765,-0.7655,0.9
2024-12-09,euphoric,0.765,-0.7652,0.9
2024-12-10,euphoric,0.765,-0.7096,0.8667
2024-12-11,euphoric,0.765,-0.6633,0.8333
2024-12-12,euphoric,0.765,-0.7335,0.8333
2024-12-13,euphoric,0.765,-0.7412,0.8333
2024-12-16,euphoric,0.765,-0.6528,0.7667
2024-12-17,euphoric,0.765,-0.6538,0.7667
2024-12-18,euphoric,0.765,-0.6503,0.7667
2024-12-19,euphoric,0.765,-0.6552,0.7667
2024-12-20,euphoric,0.765,-0.6562,0.7667
2024-12-23,euphoric,0.765,-0.6655,0.7667
2024-12-24,euphoric,0.765,-0.6632,0.7667
2024-12-26,euphoric,0.765,-0.6426,0.7333
2024-12-27,euphoric,0.765,-0.6307,0.7
2024-12-30,euphoric,0.765,-0.6288,0.7
2024-12-31,euphoric,0.765,-0.6248,0.7
2025-01-02,euphoric,0.85,-0.6272,0.7
2025-01-03,euphoric,0.85,-0.6291,0.7
2025-01-06,euphoric,0.85,-0.6412,0.7333
2025-01-07,euphoric,0.85,-0.6424,0.7333
2025-01-08,euphoric,0.85,-0.6436,0.7333
2025-01-09,euphoric,0.85,-0.7016,0.7667
2025-01-10,euphoric,0.85,-0.7503,0.8
2025-01-13,euphoric,0.85,-0.8727,0.9
2025-01-14,calm_bull,1.0,-0.8999,0.9333
2025-01-15,calm_bull,1.0,-0.9047,0.9333
2025-01-16,calm_bull,1.0,-0.9049,0.9333
2025-01-17,calm_bull,1.0,-0.9111,0.9333
2025-01-21,calm_bull,1.0,-0.912,0.9333
2025-01-22,calm_bull,1.0,-0.9162,0.9333
2025-01-23,calm_bull,1.0,-0.9224,0.9333
2025-01-24,calm_bull,1.0,-0.9416,0.9667
2025-01-27,calm_bull,0.9,-0.9635,1.0
2025-01-28,euphoric,0.765,-0.9636,1.0
2025-01-29,euphoric,0.765,-0.9643,1.0
2025-01-30,euphoric,0.765,-0.9696,1.0
2025-01-31,euphoric,0.765,-0.9696,1.0
2025-02-03,euphoric,0.765,-0.9697,1.0
2025-02-04,euphoric,0.765,-0.9697,1.0
2025-02-05,euphoric,0.765,-0.9697,1.0
2025-02-06,euphoric,0.765,-0.9697,1.0
2025-02-07,euphoric,0.765,-0.9698,1.0
2025-02-10,euphoric,0.765,-0.9698,1.0
2025-02-11,euphoric,0.765,-0.9699,1.0
2025-02-12,euphoric,0.765,-0.9614,0.9667
2025-02-13,euphoric,0.765,-0.9654,0.9667
2025-02-14,euphoric,0.765,-0.9595,0.9667
2025-02-18,euphoric,0.765,-0.9598,0.9667
2025-02-19,euphoric,0.765,-0.9599,0.9667
2025-02-20,euphoric,0.765,-0.96,0.9667
2025-02-21,euphoric,0.765,-0.9601,0.9667
2025-02-24,euphoric,0.765,-0.9316,0.9
2025-02-25,euphoric,0.765,-0.9318,0.9
2025-02-26,euphoric,0.765,-0.932,0.9
2025-02-27,euphoric,0.765,-0.9322,0.9
2025-02-28,euphoric,0.765,-0.9324,0.9
2025-03-03,euphoric,0.765,-0.933,0.9
2025-03-04,euphoric,0.765,-0.9325,0.9
2025-03-05,euphoric,0.765,-0.9327,0.9
2025-03-06,euphoric,0.765,-0.9316,0.9
2025-03-07,euphoric,0.765,-0.9318,0.9
2025-03-10,euphoric,0.765,-0.9128,0.8667
2025-03-11,euphoric,0.765,-0.9131,0.8667
2025-03-12,euphoric,0.765,-0.9115,0.8667
2025-03-13,euphoric,0.765,-0.9118,0.8667
2025-03-14,euphoric,0.765,-0.9206,0.9
2025-03-17,euphoric,0.765,-0.9241,0.9
2025-03-18,euphoric,0.85,-0.9237,0.9
2025-03-19,euphoric,0.85,-0.9239,0.9
2025-03-20,euphoric,0.85,-0.9242,0.9
2025-03-21,euphoric,0.85,-0.9244,0.9
2025-03-24,euphoric,0.85,-0.9265,0.9
2025-03-25,euphoric,0.85,-0.9472,0.9333
2025-03-26,euphoric,0.85,-0.9546,0.9667
2025-03-27,euphoric,0.85,-0.9521,0.9667
2025-03-28,euphoric,0.85,-0.9482,0.9667
2025-03-31,euphoric,0.85,-0.9434,0.9667
2025-04-01,calm_bull,1.0,-0.8355,0.9333
2025-04-02,calm_bull,1.0,-0.7707,0.9
2025-04-03,calm_bull,1.0,-0.772,0.9
2025-04-04,calm_bull,1.0,-0.7726,0.9
2025-04-07,calm_bull,0.9,-0.775,0.9
2025-04-08,calm_bull,0.9,-0.7789,0.9
2025-04-09,calm_bull,0.9,-0.7624,0.8667
2025-04-10,crisis,0.36,-0.7558,0.8333
2025-04-11,crisis,0.4,-0.7551,0.8333
2025-04-14,crisis,0.4,-0.7394,0.8
2025-04-15,crisis,0.4,-0.7441,0.8
2025-04-16,crisis,0.4,-0.7449,0.8
2025-04-17,crisis,0.4,-0.7417,0.8
2025-04-21,crisis,0.4,-0.738,0.8
2025-04-22,euphoric,0.85,-0.7374,0.8
2025-04-23,euphoric,0.765,-0.7328,0.8
2025-04-24,euphoric,0.765,-0.7289,0.8
2025-04-25,euphoric,0.765,-0.7216,0.7667
2025-04-28,euphoric,0.765,-0.7207,0.7333
2025-04-29,euphoric,0.765,-0.7263,0.7333
2025-04-30,euphoric,0.765,-0.7272,0.7333
2025-05-01,euphoric,0.765,-0.8252,0.7333
2025-05-02,euphoric,0.765,-0.879,0.7333
2025-05-05,euphoric,0.765,-0.5889,0.6333
2025-05-06,euphoric,0.765,-0.5015,0.6
2025-05-07,euphoric,0.85,-0.4004,0.5667
2025-05-08,euphoric,0.85,-0.4001,0.5667
2025-05-09,euphoric,0.85,-0.3759,0.5667
2025-05-12,euphoric,0.85,-0.2716,0.5
2025-05-13,euphoric,0.85,-0.1965,0.5
2025-05-14,euphoric,0.85,-0.0691,0.4667
2025-05-15,euphoric,0.85,-0.0472,0.4333
2025-05-16,euphoric,0.85,-0.0037,0.4
2025-05-19,euphoric,0.85,0.0699,0.3333
2025-05-20,euphoric,0.85,0.114,0.3
2025-05-21,euphoric,0.85,0.2634,0.2667
2025-05-22,euphoric,0.85,0.3307,0.2333
2025-05-23,euphoric,0.765,0.4061,0.2
2025-05-27,crisis,0.4,0.7003,0.1333
2025-05-28,crisis,0.36,0.7402,0.1
2025-05-29,crisis,0.36,0.7502,0.0667
2025-05-30,crisis,0.36,0.7536,0.0333
2025-06-02,crisis,0.36,0.649,0.0333
2025-06-03,crisis,0.36,0.5589,0.0333
2025-06-04,crisis,0.36,0.5512,0.0333
2025-06-05,crisis,0.4,0.5187,0.0333
2025-06-06,crisis,0.4,0.4496,0.0333
2025-06-09,crisis,0.4,0.5216,0.0333
2025-06-10,crisis,0.36,0.5943,0.0333
2025-06-11,crisis,0.36,0.7283,0.0333
2025-06-12,crisis,0.36,0.6682,0.0333
2025-06-13,crisis,0.4,0.5489,0.0333
2025-06-16,crisis,0.36,0.5556,0.0667
2025-06-17,crisis,0.36,0.5747,0.0333
2025-06-18,crisis,0.36,0.5389,0.0333
2025-06-20,crisis,0.36,0.3619,0.0333
2025-06-23,crisis,0.36,0.3978,0.0333
2025-06-24,crisis,0.36,0.3625,0.0333
2025-06-25,crisis,0.36,0.3231,0.0333
2025-06-26,crisis,0.36,0.4225,0.0333
2025-06-27,crisis,0.36,0.4456,0.0333
2025-06-30,crisis,0.36,0.5317,0.0333
2025-07-01,crisis,0.36,0.5635,0.0333
2025-07-02,crisis,0.36,0.61,0.0333
2025-07-03,crisis,0.36,0.5686,0.0333
2025-07-04,crisis,0.36,0.5808,0.0333
2025-07-07,crisis,0.36,0.6119,0.0333
2025-07-08,crisis,0.36,0.5415,0.0333
2025-07-09,crisis,0.36,0.6668,0.0333
2025-07-10,crisis,0.36,0.564,0.0333
2025-07-11,crisis,0.36,0.4129,0.0333
2025-07-14,crisis,0.36,0.49,0.0667
2025-07-15,crisis,0.36,0.5034,0.0333
2025-07-16,crisis,0.36,0.4788,0.0333
2025-07-17,crisis,0.36,0.5351,0.0333
2025-07-18,crisis,0.36,0.6469,0.0333
2025-07-21,crisis,0.36,0.7025,0.0333
2025-07-22,crisis,0.36,0.6139,0.0333
2025-07-23,crisis,0.36,0.6784,0.0333
2025-07-24,crisis,0.36,0.6595,0.0333
2025-07-25,crisis,0.36,0.7021,0.0333
2025-07-28,crisis,0.36,0.4497,0.0333
2025-07-29,crisis,0.36,0.5025,0.0333
2025-07-30,crisis,0.36,0.4088,0.0333
2025-07-31,crisis,0.36,0.3861,0.0333
2025-08-01,crisis,0.36,0.3395,0.0333
2025-08-04,crisis,0.36,0.269,0.0667
2025-08-05,crisis,0.36,0.2674,0.1
2025-08-06,crisis,0.36,0.1748,0.1
2025-08-07,crisis,0.36,0.1792,0.1
2025-08-08,crisis,0.36,0.0394,0.1
2025-08-11,crisis,0.4,0.1806,0.0667
2025-08-12,crisis,0.36,0.2433,0.0667
2025-08-13,crisis,0.4,0.157,0.0667
2025-08-14,crisis,0.4,0.2138,0.0667
2025-08-15,crisis,0.4,0.2402,0.0667
2025-08-18,crisis,0.4,0.2262,0.0667
2025-08-19,crisis,0.36,0.1449,0.0667
2025-08-20,crisis,0.36,0.2301,0.0667
2025-08-21,euphoric,0.765,0.3171,0.0667
2025-08-22,euphoric,0.765,0.2526,0.0667
2025-08-25,euphoric,0.765,0.2998,0.0667
2025-08-26,euphoric,0.765,0.2939,0.0667
2025-08-27,euphoric,0.765,0.3319,0.0667
2025-08-28,euphoric,0.765,0.3516,0.0667
2025-08-29,euphoric,0.765,0.6066,0.0667
2025-09-02,euphoric,0.765,1.135,0.0667
2025-09-03,euphoric,0.765,1.1827,0.0333
2025-09-04,euphoric,0.765,1.2835,0.0
2025-09-05,euphoric,0.765,1.4678,0.0
2025-09-08,euphoric,0.765,1.9447,0.0
2025-09-09,euphoric,0.765,1.8142,0.0
2025-09-10,euphoric,0.765,1.8032,0.0
2025-09-11,euphoric,0.765,1.7402,0.0
2025-09-12,euphoric,0.765,1.7329,0.0333
2025-09-15,euphoric,0.765,1.8729,0.0333
2025-09-16,euphoric,0.765,1.8039,0.0333
2025-09-17,euphoric,0.765,1.87,0.0333
2025-09-18,euphoric,0.765,2.0813,0.0333
2025-09-19,crisis,0.4,2.0439,0.0333
2025-09-22,crisis,0.4,2.4891,0.0333
2025-09-23,crisis,0.4,2.4836,0.0333
2025-09-24,euphoric,0.765,2.4486,0.0333
2025-09-25,euphoric,0.765,2.6448,0.0333
2025-09-26,euphoric,0.765,2.8704,0.0333
2025-09-29,euphoric,0.765,2.5363,0.0333
2025-09-30,euphoric,0.765,2.4546,0.0333
2025-10-01,euphoric,0.765,2.2918,0.0667
2025-10-02,euphoric,0.765,2.1573,0.1
2025-10-03,euphoric,0.765,2.1669,0.1
2025-10-06,euphoric,0.765,1.8878,0.1333
2025-10-07,euphoric,0.765,1.6775,0.1333
2025-10-08,euphoric,0.765,1.5176,0.1667
2025-10-09,euphoric,0.765,1.5277,0.1667
2025-10-10,euphoric,0.765,1.5698,0.1667
2025-10-13,euphoric,0.765,1.9085,0.1333
2025-10-14,euphoric,0.765,1.783,0.1333
2025-10-15,euphoric,0.765,1.5798,0.1667
2025-10-16,euphoric,0.765,1.5348,0.2
2025-10-17,euphoric,0.765,1.4057,0.2333
2025-10-20,euphoric,0.765,1.1751,0.2333
2025-10-21,euphoric,0.765,1.1053,0.2333
2025-10-22,euphoric,0.765,0.6269,0.2667
2025-10-23,euphoric,0.85,0.6005,0.3
2025-10-24,euphoric,0.85,0.5972,0.3
2025-10-27,euphoric,0.85,0.6552,0.3
2025-10-28,euphoric,0.85,0.6883,0.3
2025-10-29,euphoric,0.85,0.684,0.3
2025-10-30,euphoric,0.85,0.8069,0.3
2025-10-31,euphoric,0.85,0.9853,0.2667
2025-11-03,euphoric,0.85,1.1002,0.2333
2025-11-04,euphoric,0.85,1.1449,0.2333
2025-11-05,euphoric,0.85,1.1705,0.2
2025-11-06,euphoric,0.85,2.1411,0.2
2025-11-07,euphoric,0.765,2.1572,0.1667
2025-11-10,euphoric,0.765,2.0069,0.2
2025-11-11,euphoric,0.765,1.8578,0.2
2025-11-12,euphoric,0.765,1.6258,0.2333
2025-11-13,euphoric,0.85,1.5727,0.2667
2025-11-14,euphoric,0.85,1.5634,0.2667
2025-11-17,euphoric,0.85,1.6212,0.2
2025-11-18,euphoric,0.765,1.8954,0.2
2025-11-19,euphoric,0.85,2.3176,0.2
2025-11-20,euphoric,0.85,2.2849,0.2
2025-11-21,euphoric,0.85,2.2703,0.1667
2025-11-24,euphoric,0.85,2.1876,0.2
2025-11-25,euphoric,0.85,1.8627,0.2333
2025-11-26,euphoric,0.85,1.676,0.2667
2025-11-28,euphoric,0.85,1.4815,0.3333
2025-12-01,euphoric,0.85,1.0894,0.4
2025-12-02,euphoric,0.85,1.0129,0.4
2025-12-03,euphoric,0.85,1.0268,0.4
2025-12-04,euphoric,0.85,0.9588,0.4333
2025-12-05,euphoric,0.85,0.9274,0.4667
2025-12-08,euphoric,0.85,-0.013,0.5667
2025-12-09,calm_bull,1.0,-0.0177,0.6
2025-12-10,calm_bull,1.0,0.0072,0.5667
2025-12-11,calm_bull,1.0,-0.0143,0.6
2025-12-12,calm_bull,0.9,-0.0209,0.6
2025-12-15,calm_bull,1.0,-0.0648,0.6333
2025-12-16,calm_bull,1.0,-0.1223,0.6667
2025-12-17,calm_bull,0.9,-0.1403,0.7
2025-12-18,calm_bull,0.9,-0.4533,0.7333
2025-12-19,calm_bull,0.9,-0.9325,0.7667
2025-12-22,calm_bull,0.9,-0.9887,0.8333
2025-12-23,crisis,0.36,-0.9911,0.8333
2025-12-24,crisis,0.36,-0.9887,0.8333
2025-12-26,crisis,0.36,-0.973,0.8
2025-12-29,crisis,0.36,-0.973,0.8
2025-12-30,crisis,0.36,-0.9752,0.8
2025-12-31,crisis,0.36,-0.9958,0.8333
2026-01-02,crisis,0.36,-1.1455,0.9
2026-01-05,crisis,0.36,-1.1406,0.9
2026-01-06,crisis,0.4,-1.1391,0.9
2026-01-07,crisis,0.4,-1.1375,0.9
2026-01-08,crisis,0.4,-1.1414,0.9
2026-01-09,crisis,0.36,-1.1702,0.9333
2026-01-12,crisis,0.36,-1.1666,0.9333
2026-01-13,crisis,0.36,-1.1658,0.9333
2026-01-14,crisis,0.36,-1.1654,0.9333
2026-01-15,crisis,0.36,-1.1651,0.9333
2026-01-16,crisis,0.36,-1.1696,0.9333
2026-01-20,crisis,0.36,-1.1801,0.9667
2026-01-21,crisis,0.36,-1.1812,0.9667
2026-01-22,crisis,0.4,-1.1809,0.9667
2026-01-23,crisis,0.4,-1.1827,0.9667
2026-01-26,crisis,0.4,-1.1968,1.0
2026-01-27,crisis,0.4,-1.1967,1.0
2026-01-28,crisis,0.4,-1.1967,1.0
2026-01-29,crisis,0.36,-1.1966,1.0
2026-01-30,crisis,0.36,-1.1965,1.0
2026-02-02,crisis,0.36,-1.1964,1.0
2026-02-03,crisis,0.36,-1.1964,1.0
2026-02-04,crisis,0.36,-1.1964,1.0
2026-02-05,crisis,0.36,-1.1963,1.0
2026-02-06,crisis,0.36,-1.1963,1.0
2026-02-09,crisis,0.36,-1.1962,1.0
2026-02-10,crisis,0.36,-1.1935,1.0
2026-02-11,crisis,0.36,-1.1759,0.9667
2026-02-12,crisis,0.36,-1.176,0.9667
2026-02-13,crisis,0.36,-1.1761,0.9667
2026-02-17,crisis,0.36,-1.1756,0.9667
2026-02-18,crisis,0.36,-1.1756,0.9667
2026-02-19,crisis,0.36,-1.1757,0.9667
2026-02-20,crisis,0.36,-1.1757,0.9667
2026-02-23,crisis,0.36,-1.1758,0.9667
2026-02-24,crisis,0.36,-1.1757,0.9667
2026-02-25,crisis,0.36,-1.1755,0.9667
2026-02-26,crisis,0.36,-1.1228,0.9333
2026-02-27,crisis,0.36,-1.0623,0.9
2026-03-02,crisis,0.36,-1.0317,0.8333
2026-03-03,crisis,0.36,-1.027,0.8333
2026-03-04,crisis,0.36,-1.0277,0.8333
2026-03-05,crisis,0.36,-1.021,0.8
2026-03-06,crisis,0.36,-1.0069,0.7667
2026-03-09,crisis,0.36,-1.0061,0.7667
2026-03-10,crisis,0.36,-1.0062,0.7667
2026-03-11,crisis,0.36,-1.0069,0.7667
2026-03-12,crisis,0.36,-1.0063,0.7667
2026-03-13,crisis,0.36,-1.0226,0.8
2026-03-16,crisis,0.36,-1.0052,0.7667
2026-03-17,crisis,0.36,-1.006,0.7667
2026-03-18,crisis,0.36,-1.0075,0.7667
2026-03-19,crisis,0.36,-1.0084,0.7667
2026-03-20,crisis,0.36,-1.0092,0.7667
2026-03-23,crisis,0.36,-1.0117,0.7667
2026-03-24,crisis,0.4,-1.0126,0.7667
2026-03-25,crisis,0.4,-1.0134,0.7667
2026-03-26,crisis,0.36,-1.0144,0.7667
2026-03-27,crisis,0.36,-1.0154,0.7667
2026-03-30,crisis,0.36,-1.1375,0.8333
2026-03-31,crisis,0.36,-1.1563,0.8667
2026-04-01,crisis,0.36,-1.1639,0.9
2026-04-02,crisis,0.36,-1.1688,0.9
2026-04-06,crisis,0.36,-1.187,0.9667
2026-04-07,crisis,0.36,-1.1858,0.9667
2026-04-08,crisis,0.36,-1.188,0.9667
2026-04-09,crisis,0.36,-1.1875,0.9667
2026-04-10,crisis,0.36,-1.1862,0.9667
2026-04-13,crisis,0.36,-1.1876,0.9667
2026-04-14,crisis,0.36,-1.2037,1.0
2026-04-15,crisis,0.36,-1.2014,1.0
2026-04-16,crisis,0.36,-1.1965,1.0
2026-04-17,crisis,0.36,-1.1922,1.0
2026-04-20,crisis,0.36,-1.1855,1.0
2026-04-21,crisis,0.36,-1.1833,1.0
2026-04-22,crisis,0.36,-1.1818,1.0
2026-04-23,crisis,0.4,-1.1762,1.0
2026-04-24,crisis,0.36,-1.1719,1.0
2026-04-27,crisis,0.36,-1.1471,0.9667
2026-04-28,crisis,0.36,-1.0624,0.9333
2026-04-29,crisis,0.36,-1.0367,0.9
2026-04-30,crisis,0.36,-1.0353,0.9
2026-05-01,crisis,0.36,-1.0319,0.9
2026-05-04,crisis,0.36,-1.014,0.8667
2026-05-05,crisis,0.4,-1.0054,0.8333
2026-05-06,crisis,0.36,-0.972,0.8
2026-05-07,crisis,0.36,-0.9705,0.8
2026-05-08,crisis,0.36,-0.9685,0.8
2026-05-11,crisis,0.36,-0.9506,0.7667
2026-05-12,crisis,0.36,-0.9476,0.7667
2026-05-13,crisis,0.36,-0.93,0.7333
2026-05-14,crisis,0.36,-0.8948,0.7
2026-05-15,crisis,0.36,-0.7308,0.6667
2026-05-18,crisis,0.36,-0.5637,0.5667
2026-05-19,crisis,0.36,-0.4961,0.5333
2026-05-20,crisis,0.36,-0.4874,0.5
2026-05-21,crisis,0.36,-0.4648,0.4667
2026-05-22,crisis,0.36,-0.461,0.4667
2026-05-26,crisis,0.36,-0.3879,0.3333
2026-05-27,crisis,0.36,-0.3743,0.3333
2026-05-28,crisis,0.36,-0.4319,0.3333
2026-05-29,crisis,0.36,-0.4099,0.3333
2026-06-01,crisis,0.36,0.006,0.2667
2026-06-02,crisis,0.36,0.0517,0.2333
2026-06-03,crisis,0.36,0.0883,0.2
2026-06-04,crisis,0.36,0.1001,0.2
2026-06-05,crisis,0.36,0.0773,0.2
2026-06-08,crisis,0.36,0.1982,0.1333
2026-06-09,crisis,0.36,0.2582,0.1
2026-06-10,crisis,0.36,0.2947,0.0667
2026-06-11,crisis,0.36,0.3042,0.0333
2026-06-12,crisis,0.36,0.3134,0.0333
2026-06-15,crisis,0.36,0.21,0.0333
2026-06-16,crisis,0.36,0.2713,0.0333
2026-06-17,crisis,0.36,0.1908,0.0333
2026-06-18,crisis,0.36,0.1719,0.0333
2026-06-22,crisis,0.36,0.2087,0.0
2026-06-23,crisis,0.4,0.232,0.0
2026-06-24,crisis,0.4,0.2398,0.0
2026-06-25,crisis,0.4,0.2508,0.0
2026-06-26,crisis,0.4,0.245,0.0
2026-06-29,crisis,0.4,0.2317,0.0
2026-06-30,crisis,0.4,0.1236,0.0
2026-07-01,crisis,0.36,0.0954,0.0
2026-07-02,crisis,0.36,0.1916,0.0
2026-07-06,crisis,0.36,0.2599,0.0333
2026-07-07,euphoric,0.765,0.2368,0.0333
2026-07-08,euphoric,0.765,0.313,0.0333
2026-07-09,euphoric,0.765,0.2681,0.0333
2026-07-10,euphoric,0.765,0.2412,0.0333
2026-07-13,euphoric,0.765,0.3265,0.0333
2026-07-14,euphoric,0.765,0.3019,0.0333
2026-07-15,euphoric,0.765,0.3891,0.0333
2026-07-16,euphoric,0.765,0.3223,0.0333
2026-07-17,euphoric,0.765,0.31,0.0333
2026-07-20,euphoric,0.765,0.31,0.0333
2026-07-21,euphoric,0.765,0.31,0.0333
2026-07-22,euphoric,0.765,0.31,0.0333
2026-07-23,euphoric,0.765,0.31,0.0333
